Elements,Time(us)
1,0
2,0
3,0
4,0
5,0
6,0
7,0
8,0
9,0
10,0
11,0
12,0
13,0
14,0
15,0
16,0
17,0
18,0
19,0
20,0
21,0
22,0
23,0
24,0
25,0
26,0
27,0
28,0
29,0
30,0
31,0
32,0
33,0
34,0
35,0
36,0
37,0
38,0
39,0
40,0
41,0
42,0
43,0
44,0
45,0
46,0
47,0
48,0
49,0
50,0
51,0
52,0
53,0
54,0
55,0
56,0
57,0
58,0
59,991
60,0
61,0
62,0
63,0
64,0
65,0
66,0
67,0
68,0
69,0
70,0
71,0
72,0
73,0
74,0
75,0
76,0
77,0
78,0
79,0
80,0
81,0
82,0
83,0
84,0
85,0
86,0
87,0
88,0
89,0
90,0
91,0
92,0
93,0
94,0
95,0
96,0
97,0
98,0
99,0
100,0
101,0
102,0
103,0
104,0
105,0
106,0
107,0
108,0
109,0
110,0
111,0
112,0
113,0
114,0
115,0
116,0
117,0
118,0
119,0
120,0
121,0
122,0
123,0
124,0
125,0
126,0
127,0
128,0
129,0
130,996
131,0
132,0
133,0
134,0
135,0
136,0
137,0
138,0
139,0
140,0
141,0
142,0
143,0
144,0
145,0
146,0
147,0
148,0
149,0
150,0
151,0
152,0
153,0
154,0
155,0
156,0
157,1003
158,0
159,0
160,0
161,0
162,0
163,0
164,0
165,0
166,0
167,0
168,0
169,0
170,0
171,0
172,0
173,0
174,0
175,0
176,0
177,0
178,992
179,997
180,0
181,0
182,0
183,0
184,0
185,0
186,0
187,0
188,0
189,0
190,0
191,0
192,0
193,0
194,1001
195,0
196,0
197,0
198,0
199,0
200,1032
201,0
202,0
203,0
204,0
205,0
206,0
207,972
208,0
209,0
210,0
211,0
212,0
213,0
214,0
215,0
216,0
217,0
218,0
219,0
220,986
221,0
222,0
223,0
224,0
225,0
226,0
227,0
228,0
229,0
230,0
231,0
232,0
233,0
234,0
235,997
236,0
237,0
238,0
239,0
240,0
241,0
242,999
243,0
244,0
245,0
246,0
247,0
248,0
249,0
250,0
251,1017
252,0
253,0
254,1990
255,0
256,0
257,984
258,0
259,0
260,0
261,0
262,0
263,0
264,0
265,0
266,0
267,0
268,0
269,0
270,0
271,994
272,0
273,0
274,0
275,0
276,0
277,0
278,0
279,0
280,0
281,0
282,0
283,0
284,997
285,0
286,0
287,0
288,0
289,0
290,0
291,0
292,0
293,0
294,0
295,0
296,0
297,0
298,998
299,0
300,0
301,0
302,0
303,0
304,0
305,0
306,0
307,0
308,0
309,0
310,0
311,0
312,1000
313,995
314,0
315,0
316,0
317,0
318,0
319,0
320,0
321,0
322,0
323,0
324,0
325,997
326,0
327,0
328,1005
329,990
330,0
331,0
332,0
333,997
334,0
335,0
336,0
337,0
338,0
339,0
340,0
341,999
342,0
343,0
344,0
345,0
346,0
347,1003
348,0
349,0
350,0
351,999
352,0
353,0
354,0
355,1000
356,0
357,0
358,993
359,0
360,990
361,0
362,0
363,0
364,0
365,0
366,0
367,0
368,0
369,0
370,997
371,0
372,0
373,0
374,0
375,0
376,0
377,0
378,0
379,997
380,0
381,0
382,0
383,0
384,0
385,0
386,0
387,0
388,0
389,997
390,0
391,0
392,0
393,0
394,0
395,0
396,0
397,0
398,0
399,0
400,0
401,0
402,0
403,0
404,0
405,0
406,0
407,0
408,1001
409,0
410,0
411,0
412,0
413,996
414,0
415,0
416,0
417,0
418,0
419,1008
420,0
421,990
422,0
423,0
424,1005
425,0
426,0
427,990
428,0
429,0
430,997
431,0
432,0
433,0
434,0
435,0
436,0
437,0
438,0
439,1024
440,0
441,0
442,968
443,0
444,0
445,0
446,1038
447,971
448,995
449,985
450,0
451,0
452,0
453,0
454,0
455,0
456,0
457,0
458,0
459,0
460,0
461,0
462,0
463,0
464,0
465,0
466,996
467,0
468,0
469,0
470,0
471,0
472,0
473,0
474,997
475,0
476,0
477,0
478,0
479,0
480,0
481,0
482,0
483,998
484,0
485,0
486,0
487,1001
488,0
489,0
490,0
491,0
492,0
493,0
494,0
495,995
496,0
497,0
498,0
499,0
500,0
501,0
502,0
503,0
504,995
505,0
506,0
507,0
508,0
509,0
510,1000
511,0
512,0
513,0
514,0
515,0
516,0
517,999
518,0
519,0
520,0
521,0
522,0
523,0
524,0
525,995
526,0
527,0
528,0
529,0
530,0
531,997
532,0
533,0
534,0
535,0
536,996
537,0
538,2994
539,1995
540,0
541,998
542,0
543,0
544,0
545,0
546,0
547,1001
548,0
549,0
550,0
551,0
552,993
553,0
554,0
555,0
556,0
557,1033
558,0
559,0
560,972
561,0
562,997
563,0
564,0
565,998
566,0
567,0
568,0
569,0
570,0
571,987
572,0
573,1009
574,0
575,0
576,0
577,1012
578,996
579,0
580,986
581,0
582,995
583,987
584,0
585,0
586,0
587,0
588,999
589,0
590,2007
591,3980
592,990
593,0
594,997
595,0
596,0
597,0
598,0
599,999
600,0
601,0
602,0
603,0
604,0
605,996
606,0
607,0
608,0
609,0
610,0
611,996
612,0
613,0
614,0
615,0
616,0
617,0
618,997
619,0
620,0
621,0
622,0
623,0
624,0
625,998
626,0
627,0
628,0
629,0
630,999
631,0
632,0
633,0
634,0
635,998
636,0
637,996
638,0
639,0
640,0
641,3990
642,0
643,0
644,0
645,997
646,0
647,0
648,4009
649,1026
650,0
651,0
652,950
653,0
654,0
655,0
656,0
657,0
658,0
659,996
660,0
661,0
662,0
663,0
664,0
665,0
666,997
667,0
668,0
669,0
670,0
671,0
672,997
673,0
674,0
675,0
676,0
677,0
678,0
679,998
680,0
681,0
682,0
683,0
684,0
685,0
686,996
687,0
688,0
689,0
690,0
691,1000
692,2992
693,0
694,996
695,0
696,0
697,1004
698,0
699,1039
700,0
701,975
702,0
703,985
704,0
705,1016
706,0
707,0
708,0
709,0
710,965
711,0
712,0
713,0
714,998
715,998
716,0
717,0
718,0
719,0
720,997
721,0
722,0
723,0
724,0
725,996
726,0
727,0
728,0
729,0
730,0
731,0
732,997
733,0
734,0
735,0
736,0
737,0
738,997
739,0
740,0
741,0
742,0
743,997
744,0
745,0
746,0
747,999
748,1009
749,0
750,0
751,986
752,1017
753,0
754,1028
755,966
756,0
757,977
758,0
759,0
760,0
761,0
762,999
763,0
764,0
765,0
766,0
767,997
768,0
769,0
770,0
771,0
772,997
773,0
774,0
775,0
776,0
777,0
778,996
779,0
780,0
781,0
782,0
783,0
784,997
785,0
786,0
787,0
788,0
789,0
790,998
791,0
792,0
793,0
794,0
795,997
796,0
797,0
798,0
799,0
800,997
801,0
802,0
803,0
804,0
805,0
806,998
807,0
808,0
809,0
810,998
811,0
812,0
813,998
814,0
815,0
816,997
817,0
818,0
819,1024
820,977
821,0
822,1033
823,975
824,0
825,978
826,0
827,0
828,1003
829,0
830,0
831,0
832,992
833,0
834,0
835,0
836,0
837,0
838,996
839,0
840,0
841,0
842,0
843,997
844,0
845,0
846,0
847,0
848,998
849,0
850,0
851,0
852,0
853,0
854,996
855,0
856,0
857,0
858,0
859,998
860,0
861,0
862,0
863,0
864,0
865,997
866,0
867,0
868,0
869,999
870,0
871,0
872,0
873,997
874,0
875,0
876,1006
877,0
878,990
879,0
880,0
881,0
882,1018
883,0
884,0
885,0
886,981
887,0
888,1008
889,0
890,0
891,0
892,0
893,970
894,0
895,0
896,0
897,0
898,997
899,0
900,0
901,0
902,0
903,998
904,0
905,0
906,0
907,996
908,0
909,0
910,0
911,0
912,997
913,0
914,0
915,0
916,0
917,997
918,0
919,0
920,0
921,0
922,997
923,0
924,0
925,0
926,0
927,998
928,0
929,0
930,0
931,999
932,0
933,0
934,0
935,0
936,1000
937,0
938,0
939,994
940,0
941,0
942,998
943,0
944,0
945,0
946,997
947,0
948,1003
949,0
950,0
951,998
952,0
953,0
954,1006
955,0
956,0
957,982
958,0
959,0
960,0
961,996
962,0
963,0
964,0
965,0
966,997
967,0
968,0
969,0
970,0
971,998
972,0
973,0
974,0
975,0
976,997
977,0
978,0
979,0
980,0
981,998
982,0
983,0
984,0
985,0
986,997
987,0
988,0
989,0
990,999
991,0
992,0
993,996
994,0
995,0
996,0
997,0
998,997
999,0
1000,0
1001,0
1002,0
1003,0
1004,0
1005,998
1006,0
1007,0
1008,997
1009,0
1010,0
1011,0
1012,0
1013,996
1014,0
1015,0
1016,0
1017,997
1018,0
1019,0
1020,0
1021,0
1022,997
1023,0
1024,0
1025,0
1026,998
1027,0
1028,0
1029,0
1030,0
1031,997
1032,0
1033,0
1034,0
1035,997
1036,0
1037,0
1038,0
1039,0
1040,998
1041,0
1042,0
1043,0
1044,997
1045,0
1046,0
1047,0
1048,997
1049,0
1050,0
1051,0
1052,0
1053,1998
1054,0
1055,0
1056,996
1057,0
1058,0
1059,0
1060,996
1061,0
1062,0
1063,0
1064,0
1065,998
1066,0
1067,998
1068,0
1069,0
1070,0
1071,997
1072,0
1073,0
1074,0
1075,0
1076,996
1077,0
1078,0
1079,0
1080,998
1081,0
1082,0
1083,1001
1084,0
1085,0
1086,995
1087,0
1088,0
1089,0
1090,996
1091,0
1092,0
1093,1003
1094,0
1095,994
1096,0
1097,1009
1098,0
1099,0
1100,984
1101,0
1102,0
1103,0
1104,997
1105,998
1106,0
1107,0
1108,0
1109,995
1110,0
1111,0
1112,0
1113,998
1114,0
1115,0
1116,0
1117,997
1118,0
1119,0
1120,998
1121,0
1122,0
1123,0
1124,999
1125,0
1126,0
1127,0
1128,1000
1129,0
1130,0
1131,0
1132,994
1133,0
1134,0
1135,996
1136,0
1137,0
1138,0
1139,998
1140,0
1141,0
1142,998
1143,0
1144,0
1145,0
1146,997
1147,0
1148,1001
1149,0
1150,0
1151,0
1152,1003
1153,0
1154,1032
1155,1983
1156,966
1157,0
1158,998
1159,0
1160,0
1161,0
1162,995
1163,0
1164,0
1165,0
1166,997
1167,0
1168,0
1169,1000
1170,0
1171,0
1172,996
1173,0
1174,0
1175,999
1176,0
1177,0
1178,997
1179,0
1180,0
1181,1002
1182,0
1183,1008
1184,0
1185,0
1186,981
1187,0
1188,0
1189,996
1190,0
1191,0
1192,0
1193,997
1194,0
1195,0
1196,0
1197,998
1198,0
1199,0
1200,0
1201,997
1202,1012
1203,0
1204,0
1205,985
1206,0
1207,0
1208,0
1209,999
1210,0
1211,0
1212,996
1213,0
1214,0
1215,1000
1216,0
1217,0
1218,993
1219,0
1220,997
1221,0
1222,0
1223,998
1224,0
1225,0
1226,1003
1227,992
1228,2016
1229,1001
1230,980
1231,990
1232,0
1233,997
1234,999
1235,0
1236,1003
1237,0
1238,0
1239,990
1240,0
1241,0
1242,0
1243,997
1244,0
1245,0
1246,998
1247,0
1248,999
1249,0
1250,0
1251,996
1252,0
1253,998
1254,0
1255,0
1256,0
1257,996
1258,999
1259,0
1260,999
1261,0
1262,0
1263,997
1264,0
1265,0
1266,996
1267,0
1268,0
1269,998
1270,0
1271,0
1272,1004
1273,0
1274,0
1275,987
1276,0
1277,999
1278,0
1279,0
1280,999
1281,0
1282,0
1283,2991
1284,0
1285,997
1286,0
1287,997
1288,3011
1289,1007
1290,967
1291,0
1292,0
1293,999
1294,0
1295,0
1296,997
1297,0
1298,0
1299,1000
1300,0
1301,0
1302,996
1303,996
1304,998
1305,0
1306,0
1307,997
1308,998
1309,0
1310,996
1311,0
1312,0
1313,997
1314,0
1315,0
1316,997
1317,0
1318,0
1319,997
1320,0
1321,999
1322,0
1323,0
1324,999
1325,0
1326,0
1327,996
1328,0
1329,0
1330,0
1331,1000
1332,0
1333,0
1334,995
1335,0
1336,0
1337,996
1338,0
1339,0
1340,996
1341,0
1342,0
1343,998
1344,0
1345,999
1346,0
1347,0
1348,1003
1349,991
1350,0
1351,997
1352,0
1353,1015
1354,0
1355,995
1356,999
1357,982
1358,995
1359,0
1360,997
1361,0
1362,0
1363,998
1364,0
1365,0
1366,996
1367,0
1368,0
1369,999
1370,0
1371,0
1372,995
1373,0
1374,0
1375,999
1376,0
1377,0
1378,997
1379,0
1380,999
1381,0
1382,0
1383,0
1384,996
1385,0
1386,0
1387,997
1388,0
1389,0
1390,0
1391,998
1392,0
1393,0
1394,996
1395,0
1396,0
1397,998
1398,0
1399,0
1400,996
1401,0
1402,0
1403,997
1404,0
1405,0
1406,999
1407,0
1408,0
1409,997
1410,0
1411,0
1412,997
1413,0
1414,0
1415,997
1416,0
1417,0
1418,0
1419,997
1420,0
1421,0
1422,997
1423,0
1424,0
1425,997
1426,0
1427,0
1428,0
1429,998
1430,1005
1431,0
1432,992
1433,0
1434,0
1435,998
1436,0
1437,0
1438,998
1439,0
1440,0
1441,0
1442,0
1443,0
1444,998
1445,0
1446,0
1447,997
1448,0
1449,0
1450,997
1451,0
1452,0
1453,998
1454,0
1455,0
1456,997
1457,999
1458,0
1459,997
1460,0
1461,0
1462,997
1463,999
1464,996
1465,0
1466,0
1467,999
1468,0
1469,1000
1470,0
1471,0
1472,991
1473,0
1474,997
1475,0
1476,0
1477,998
1478,0
1479,0
1480,998
1481,0
1482,0
1483,997
1484,0
1485,997
1486,0
1487,0
1488,997
1489,0
1490,0
1491,997
1492,0
1493,0
1494,998
1495,0
1496,0
1497,998
1498,999
1499,0
1500,997
1501,0
1502,0
1503,1010
1504,0
1505,983
1506,0
1507,0
1508,998
1509,0
1510,1000
1511,0
1512,995
1513,0
1514,0
1515,1010
1516,0
1517,0
1518,996
1519,0
1520,985
1521,0
1522,0
1523,997
1524,0
1525,998
1526,0
1527,0
1528,997
1529,0
1530,0
1531,998
1532,0
1533,0
1534,996
1535,0
1536,0
1537,999
1538,0
1539,996
1540,0
1541,0
1542,998
1543,0
1544,0
1545,997
1546,0
1547,0
1548,997
1549,0
1550,0
1551,997
1552,0
1553,999
1554,0
1555,0
1556,996
1557,0
1558,999
1559,0
1560,0
1561,997
1562,0
1563,0
1564,997
1565,0
1566,0
1567,997
1568,0
1569,0
1570,997
1571,0
1572,997
1573,0
1574,0
1575,998
1576,0
1577,0
1578,997
1579,0
1580,0
1581,1000
1582,0
1583,996
1584,0
1585,999
1586,0
1587,997
1588,0
1589,1007
1590,0
1591,986
1592,0
1593,0
1594,997
1595,0
1596,0
1597,996
1598,0
1599,0
1600,997
1601,0
1602,0
1603,998
1604,0
1605,0
1606,997
1607,0
1608,0
1609,997
1610,0
1611,999
1612,0
1613,0
1614,996
1615,0
1616,0
1617,998
1618,0
1619,0
1620,997
1621,0
1622,0
1623,997
1624,0
1625,0
1626,998
1627,0
1628,0
1629,997
1630,0
1631,999
1632,0
1633,995
1634,0
1635,999
1636,0
1637,0
1638,997
1639,0
1640,0
1641,997
1642,0
1643,0
1644,998
1645,0
1646,0
1647,996
1648,0
1649,998
1650,0
1651,0
1652,997
1653,0
1654,0
1655,997
1656,0
1657,0
1658,997
1659,0
1660,0
1661,998
1662,0
1663,0
1664,998
1665,0
1666,998
1667,0
1668,0
1669,996
1670,0
1671,0
1672,998
1673,0
1674,997
1675,0
1676,1000
1677,1009
1678,0
1679,0
1680,984
1681,0
1682,0
1683,996
1684,0
1685,0
1686,997
1687,0
1688,998
1689,0
1690,0
1691,998
1692,0
1693,0
1694,997
1695,0
1696,997
1697,0
1698,0
1699,997
1700,0
1701,0
1702,998
1703,0
1704,0
1705,998
1706,0
1707,998
1708,0
1709,0
1710,997
1711,0
1712,0
1713,998
1714,0
1715,0
1716,997
1717,997
1718,0
1719,999
1720,0
1721,996
1722,0
1723,0
1724,997
1725,0
1726,997
1727,0
1728,0
1729,997
1730,0
1731,0
1732,997
1733,0
1734,997
1735,0
1736,0
1737,998
1738,0
1739,0
1740,997
1741,0
1742,998
1743,0
1744,0
1745,997
1746,0
1747,0
1748,998
1749,0
1750,1000
1751,0
1752,0
1753,994
1754,0
1755,0
1756,997
1757,0
1758,998
1759,1000
1760,0
1761,0
1762,994
1763,0
1764,998
1765,0
1766,997
1767,0
1768,0
1769,998
1770,0
1771,997
1772,0
1773,0
1774,997
1775,0
1776,0
1777,997
1778,0
1779,997
1780,0
1781,0
1782,998
1783,0
1784,0
1785,997
1786,0
1787,997
1788,0
1789,0
1790,998
1791,0
1792,998
1793,0
1794,0
1795,996
1796,0
1797,998
1798,0
1799,999
1800,0
1801,996
1802,0
1803,996
1804,0
1805,0
1806,997
1807,0
1808,998
1809,0
1810,0
1811,997
1812,0
1813,997
1814,0
1815,0
1816,998
1817,0
1818,0
1819,997
1820,0
1821,997
1822,0
1823,0
1824,998
1825,0
1826,997
1827,0
1828,0
1829,997
1830,0
1831,0
1832,998
1833,0
1834,997
1835,0
1836,0
1837,997
1838,0
1839,999
1840,998
1841,0
1842,999
1843,0
1844,0
1845,995
1846,0
1847,996
1848,0
1849,0
1850,997
1851,0
1852,998
1853,0
1854,0
1855,997
1856,0
1857,997
1858,0
1859,0
1860,998
1861,0
1862,997
1863,0
1864,0
1865,998
1866,0
1867,997
1868,0
1869,0
1870,997
1871,0
1872,997
1873,0
1874,0
1875,998
1876,998
1877,0
1878,997
1879,0
1880,1000
1881,0
1882,995
1883,0
1884,0
1885,998
1886,0
1887,998
1888,0
1889,0
1890,996
1891,0
1892,998
1893,0
1894,0
1895,997
1896,0
1897,997
1898,0
1899,0
1900,998
1901,0
1902,998
1903,0
1904,0
1905,996
1906,0
1907,998
1908,0
1909,0
1910,997
1911,0
1912,998
1913,0
1914,998
1915,0
1916,997
1917,0
1918,0
1919,997
1920,1027
1921,0
1922,1005
1923,0
1924,0
1925,959
1926,0
1927,999
1928,0
1929,996
1930,0
1931,0
1932,997
1933,0
1934,997
1935,0
1936,998
1937,0
1938,0
1939,1006
1940,0
1941,988
1942,0
1943,0
1944,1022
1945,0
1946,973
1947,0
1948,997
1949,0
1950,0
1951,998
1952,0
1953,996
1954,0
1955,998
1956,0
1957,998
1958,0
1959,999
1960,0
1961,996
1962,0
1963,1028
1964,0
1965,982
1966,0
1967,0
1968,981
1969,0
1970,998
1971,0
1972,997
1973,0
1974,0
1975,998
1976,0
1977,997
1978,0
1979,1006
1980,0
1981,988
1982,0
1983,0
1984,998
1985,1000
1986,0
1987,995
1988,0
1989,997
1990,0
1991,0
1992,997
1993,998
1994,0
1995,0
1996,1010
1997,0
1998,984
1999,0
2000,997
2001,0
2002,990
2003,0
2004,997
2005,0
2006,996
2007,0
2008,0
2009,997
2010,0
2011,999
2012,997
2013,0
2014,996
2015,0
2016,1008
2017,0
2018,0
2019,987
2020,0
2021,997
2022,0
2023,998
2024,0
2025,997
2026,0
2027,1000
2028,996
2029,997
2030,998
2031,1017
2032,1976
2033,0
2034,1003
2035,0
2036,2985
2037,998
2038,0
2039,998
2040,0
2041,996
2042,997
2043,1013
2044,1982
2045,995
2046,997
2047,1006
2048,990
2049,0
2050,997
2051,1005
2052,0
2053,1988
2054,0
2055,994
2056,0
2057,0
2058,999
2059,0
2060,998
2061,0
2062,997
2063,0
2064,1000
2065,0
2066,994
2067,996
2068,0
2069,999
2070,0
2071,1001
2072,0
2073,993
2074,0
2075,998
2076,0
2077,1006
2078,0
2079,988
2080,0
2081,997
2082,0
2083,1006
2084,990
2085,0
2086,996
2087,997
2088,0
2089,997
2090,0
2091,0
2092,996
2093,1000
2094,0
2095,0
2096,998
2097,998
2098,0
2099,998
2100,0
2101,997
2102,0
2103,999
2104,0
2105,995
2106,0
2107,1004
2108,0
2109,0
2110,990
2111,0
2112,997
2113,0
2114,998
2115,0
2116,997
2117,997
2118,0
2119,998
2120,996
2121,0
2122,0
2123,2001
2124,1981
2125,997
2126,0
2127,996
2128,0
2129,0
2130,998
2131,0
2132,996
2133,0
2134,998
2135,0
2136,997
2137,0
2138,1001
2139,995
2140,0
2141,997
2142,0
2143,998
2144,998
2145,0
2146,997
2147,996
2148,997
2149,4014
2150,979
2151,0
2152,995
2153,1009
2154,0
2155,985
2156,995
2157,0
2158,997
2159,0
2160,1001
2161,3986
2162,1994
2163,998
2164,0
2165,997
2166,0
2167,2015
2168,1009
2169,968
2170,1993
2171,0
2172,997
2173,1001
2174,0
2175,993
2176,1001
2177,0
2178,995
2179,0
2180,996
2181,0
2182,998
2183,0
2184,997
2185,0
2186,0
2187,998
2188,0
2189,997
2190,0
2191,997
2192,3023
2193,2962
2194,0
2195,998
2196,995
2197,0
2198,998
2199,0
2200,996
2201,0
2202,998
2203,0
2204,999
2205,996
2206,0
2207,996
2208,0
2209,0
2210,997
2211,0
2212,1000
2213,0
2214,999
2215,4985
2216,0
2217,994
2218,0
2219,996
2220,0
2221,998
2222,0
2223,996
2224,0
2225,997
2226,0
2227,998
2228,0
2229,997
2230,0
2231,997
2232,0
2233,997
2234,0
2235,998
2236,0
2237,5986
2238,999
2239,995
2240,0
2241,997
2242,0
2243,999
2244,0
2245,995
2246,0
2247,996
2248,0
2249,998
2250,0
2251,997
2252,0
2253,997
2254,0
2255,998
2256,0
2257,998
2258,998
2259,3990
2260,0
2261,999
2262,996
2263,0
2264,996
2265,0
2266,996
2267,1000
2268,0
2269,996
2270,0
2271,997
2272,0
2273,996
2274,0
2275,998
2276,0
2277,997
2278,0
2279,998
2280,0
2281,997
2282,4989
2283,997
2284,0
2285,996
2286,0
2287,997
2288,0
2289,997
2290,0
2291,997
2292,0
2293,998
2294,0
2295,0
2296,997
2297,0
2298,997
2299,0
2300,998
2301,0
2302,997
2303,0
2304,998
2305,998
2306,1018
2307,1987
2308,1061
2309,921
2310,0
2311,996
2312,0
2313,998
2314,0
2315,997
2316,0
2317,997
2318,0
2319,997
2320,0
2321,998
2322,0
2323,997
2324,0
2325,997
2326,0
2327,998
2328,0
2329,997
2330,999
2331,997
2332,0
2333,999
2334,996
2335,1006
2336,0
2337,997
2338,1032
2339,971
2340,979
2341,0
2342,997
2343,0
2344,997
2345,0
2346,999
2347,0
2348,996
2349,0
2350,1000
2351,0
2352,994
2353,0
2354,998
2355,0
2356,998
2357,0
2358,997
2359,999
2360,0
2361,996
2362,0
2363,997
2364,0
2365,997
2366,0
2367,998
2368,0
2369,997
2370,0
2371,997
2372,0
2373,998
2374,0
2375,997
2376,0
2377,997
2378,0
2379,998
2380,0
2381,997
2382,0
2383,997
2384,0
2385,1001
2386,0
2387,1035
2388,957
2389,0
2390,1007
2391,0
2392,988
2393,0
2394,996
2395,0
2396,997
2397,0
2398,997
2399,0
2400,0
2401,997
2402,0
2403,999
2404,0
2405,996
2406,0
2407,998
2408,0
2409,996
2410,0
2411,998
2412,0
2413,997
2414,0
2415,997
2416,1038
2417,0
2418,958
2419,0
2420,997
2421,999
2422,0
2423,999
2424,995
2425,0
2426,997
2427,0
2428,997
2429,0
2430,997
2431,0
2432,997
2433,0
2434,998
2435,0
2436,998
2437,0
2438,997
2439,998
2440,0
2441,997
2442,0
2443,997
2444,0
2445,999
2446,0
2447,997
2448,997
2449,0
2450,997
2451,1007
2452,0
2453,988
2454,0
2455,996
2456,0
2457,998
2458,0
2459,997
2460,0
2461,997
2462,0
2463,0
2464,997
2465,0
2466,998
2467,0
2468,997
2469,0
2470,997
2471,0
2472,999
2473,999
2474,995
2475,1000
2476,997
2477,0
2478,1999
2479,0
2480,992
2481,0
2482,997
2483,0
2484,997
2485,0
2486,997
2487,0
2488,997
2489,997
2490,0
2491,997
2492,0
2493,998
2494,0
2495,997
2496,0
2497,997
2498,0
2499,999
2500,0
2501,995
2502,0
2503,997
2504,0
2505,998
2506,0
2507,997
2508,999
2509,997
2510,998
2511,0
2512,997
2513,0
2514,996
2515,998
2516,0
2517,997
2518,0
2519,997
2520,0
2521,998
2522,0
2523,997
2524,0
2525,999
2526,997
2527,0
2528,1004
2529,0
2530,990
2531,0
2532,998
2533,996
2534,0
2535,998
2536,1002
2537,0
2538,994
2539,0
2540,996
2541,0
2542,998
2543,0
2544,997
2545,0
2546,997
2547,998
2548,0
2549,997
2550,0
2551,997
2552,0
2553,998
2554,997
2555,0
2556,997
2557,0
2558,1003
2559,0
2560,992
2561,0
2562,1004
2563,990
2564,0
2565,999
2566,1026
2567,0
2568,969
2569,0
2570,995
2571,0
2572,998
2573,0
2574,998
2575,997
2576,0
2577,997
2578,0
2579,998
2580,0
2581,996
2582,998
2583,0
2584,998
2585,0
2586,997
2587,0
2588,997
2589,0
2590,997
2591,997
2592,0
2593,997
2594,0
2595,998
2596,999
2597,0
2598,0
2599,990
2600,0
2601,998
2602,0
2603,997
2604,0
2605,997
2606,0
2607,997
2608,0
2609,998
2610,1000
2611,995
2612,0
2613,997
2614,0
2615,997
2616,998
2617,998
2618,0
2619,997
2620,997
2621,999
2622,0
2623,997
2624,0
2625,999
2626,997
2627,0
2628,996
2629,0
2630,999
2631,0
2632,996
2633,997
2634,0
2635,997
2636,1012
2637,0
2638,983
2639,998
2640,0
2641,997
2642,0
2643,997
2644,0
2645,997
2646,0
2647,997
2648,998
2649,0
2650,1032
2651,964
2652,0
2653,995
2654,0
2655,997
2656,0
2657,998
2658,997
2659,0
2660,997
2661,999
2662,996
2663,998
2664,997
2665,997
2666,1003
2667,993
2668,0
2669,1030
2670,964
2671,1995
2672,0
2673,999
2674,1000
2675,992
2676,0
2677,997
2678,0
2679,997
2680,999
2681,998
2682,1021
2683,0
2684,1008
2685,961
2686,0
2687,998
2688,0
2689,998
2690,0
2691,996
2692,998
2693,0
2694,1003
2695,992
2696,0
2697,996
2698,0
2699,997
2700,0
2701,997
2702,1017
2703,0
2704,979
2705,1000
2706,0
2707,996
2708,0
2709,997
2710,0
2711,997
2712,0
2713,997
2714,998
2715,0
2716,997
2717,0
2718,997
2719,0
2720,996
2721,997
2722,0
2723,999
2724,999
2725,0
2726,995
2727,997
2728,0
2729,997
2730,0
2731,997
2732,1000
2733,0
2734,1015
2735,1020
2736,0
2737,957
2738,996
2739,0
2740,997
2741,0
2742,999
2743,0
2744,1018
2745,975
2746,0
2747,998
2748,0
2749,1006
2750,1005
2751,985
2752,997
2753,0
2754,1014
2755,976
2756,0
2757,1000
2758,0
2759,1014
2760,979
2761,0
2762,998
2763,0
2764,997
2765,0
2766,997
2767,998
2768,0
2769,997
2770,0
2771,997
2772,0
2773,998
2774,997
2775,0
2776,996
2777,998
2778,998
2779,0
2780,997
2781,0
2782,997
2783,998
2784,0
2785,996
2786,997
2787,0
2788,997
2789,0
2790,998
2791,0
2792,997
2793,997
2794,0
2795,998
2796,0
2797,997
2798,0
2799,997
2800,0
2801,998
2802,997
2803,0
2804,999
2805,997
2806,998
2807,0
2808,998
2809,997
2810,0
2811,996
2812,0
2813,1004
2814,991
2815,0
2816,997
2817,997
2818,0
2819,999
2820,0
2821,1025
2822,968
2823,0
2824,998
2825,0
2826,997
2827,997
2828,0
2829,998
2830,0
2831,1996
2832,999
2833,995
2834,0
2835,996
2836,998
2837,0
2838,998
2839,0
2840,996
2841,999
2842,0
2843,996
2844,0
2845,997
2846,998
2847,0
2848,1017
2849,1002
2850,0
2851,974
2852,0
2853,1021
2854,1012
2855,0
2856,1957
2857,0
2858,997
2859,996
2860,998
2861,0
2862,996
2863,997
2864,0
2865,997
2866,0
2867,997
2868,998
2869,0
2870,997
2871,0
2872,997
2873,0
2874,998
2875,997
2876,0
2877,998
2878,0
2879,997
2880,998
2881,1000
2882,995
2883,0
2884,998
2885,996
2886,0
2887,998
2888,998
2889,0
2890,996
2891,0
2892,998
2893,997
2894,0
2895,998
2896,997
2897,0
2898,997
2899,0
2900,997
2901,1008
2902,0
2903,997
2904,0
2905,1985
2906,1015
2907,981
2908,0
2909,998
2910,997
2911,0
2912,996
2913,998
2914,0
2915,997
2916,0
2917,997
2918,997
2919,0
2920,997
2921,997
2922,0
2923,1003
2924,1027
2925,0
2926,962
2927,0
2928,998
2929,1000
2930,996
2931,1002
2932,0
2933,1022
2934,984
2935,0
2936,996
2937,1004
2938,0
2939,1011
2940,0
2941,961
2942,997
2943,0
2944,997
2945,0
2946,998
2947,1015
2948,0
2949,979
2950,998
2951,0
2952,997
2953,1001
2954,993
2955,998
2956,999
2957,0
2958,996
2959,0
2960,998
2961,997
2962,0
2963,997
2964,997
2965,0
2966,997
2967,998
2968,0
2969,997
2970,997
2971,0
2972,998
2973,0
2974,997
2975,999
2976,0
2977,997
2978,997
2979,0
2980,996
2981,998
2982,1000
2983,0
2984,994
2985,997
2986,0
2987,998
2988,999
2989,998
2990,2060
2991,931
2992,0
2993,997
2994,997
2995,0
2996,997
2997,998
2998,0
2999,997
3000,998
3001,0
3002,1001
3003,0
3004,1029
3005,965
3006,998
3007,0
3008,998
3009,0
3010,997
3011,998
3012,0
3013,1019
3014,1015
3015,0
3016,1956
3017,0
3018,0
3019,997
3020,0
3021,997
3022,997
3023,1001
3024,996
3025,997
3026,1000
3027,1991
3028,0
3029,997
3030,996
3031,0
3032,997
3033,0
3034,998
3035,1996
3036,998
3037,0
3038,1025
3039,968
3040,0
3041,998
3042,998
3043,998
3044,997
3045,0
3046,998
3047,1001
3048,0
3049,991
3050,997
3051,1005
3052,0
3053,992
3054,1997
3055,2004
3056,1000
3057,982
3058,997
3059,0
3060,997
3061,999
3062,998
3063,997
3064,997
3065,1989
3066,0
3067,998
3068,1006
3069,0
3070,988
3071,1001
3072,0
3073,993
3074,998
3075,996
3076,0
3077,999
3078,998
3079,0
3080,994
3081,1002
3082,1993
3083,1004
3084,1009
3085,978
3086,1006
3087,0
3088,990
3089,996
3090,0
3091,998
3092,998
3093,0
3094,996
3095,998
3096,0
3097,997
3098,997
3099,0
3100,998
3101,997
3102,1000
3103,996
3104,0
3105,1001
3106,993
3107,0
3108,997
3109,997
3110,0
3111,997
3112,0
3113,1996
3114,996
3115,0
3116,996
3117,998
3118,0
3119,997
3120,0
3121,997
3122,998
3123,0
3124,2003
3125,0
3126,991
3127,997
3128,0
3129,997
3130,997
3131,0
3132,997
3133,0
3134,0
3135,997
3136,999
3137,0
3138,996
3139,998
3140,0
3141,996
3142,998
3143,0
3144,997
3145,997
3146,0
3147,997
3148,998
3149,998
3150,996
3151,1009
3152,0
3153,2035
3154,947
3155,1007
3156,986
3157,0
3158,1002
3159,994
3160,0
3161,996
3162,997
3163,0
3164,998
3165,997
3166,0
3167,998
3168,997
3169,997
3170,1013
3171,0
3172,1980
3173,0
3174,997
3175,997
3176,1015
3177,0
3178,980
3179,997
3180,0
3181,998
3182,996
3183,997
3184,0
3185,999
3186,997
3187,0
3188,997
3189,999
3190,0
3191,1027
3192,968
3193,1025
3194,968
3195,0
3196,999
3197,997
3198,995
3199,1003
3200,993
3201,0
3202,1005
3203,990
3204,997
3205,0
3206,997
3207,997
3208,0
3209,998
3210,998
3211,0
3212,997
3213,997
3214,997
3215,0
3216,996
3217,997
3218,0
3219,998
3220,1000
3221,0
3222,996
3223,997
3224,997
3225,0
3226,1009
3227,1015
3228,0
3229,969
3230,997
3231,0
3232,1022
3233,972
3234,997
3235,0
3236,1012
3237,984
3238,998
3239,1030
3240,962
3241,1000
3242,0
3243,996
3244,998
3245,997
3246,0
3247,996
3248,998
3249,0
3250,997
3251,997
3252,0
3253,998
3254,997
3255,997
3256,0
3257,998
3258,997
3259,998
3260,999
3261,998
3262,995
3263,998
3264,999
3265,997
3266,0
3267,995
3268,1000
3269,0
3270,995
3271,1011
3272,984
3273,0
3274,997
3275,997
3276,0
3277,997
3278,999
3279,998
3280,996
3281,0
3282,998
3283,995
3284,0
3285,998
3286,997
3287,997
3288,0
3289,997
3290,998
3291,0
3292,997
3293,997
3294,0
3295,997
3296,998
3297,0
3298,997
3299,997
3300,0
3301,3993
3302,997
3303,996
3304,0
3305,997
3306,998
3307,0
3308,997
3309,997
3310,999
3311,0
3312,995
3313,1001
3314,995
3315,0
3316,996
3317,997
3318,0
3319,1997
3320,999
3321,994
3322,996
3323,998
3324,0
3325,997
3326,998
3327,0
3328,997
3329,997
3330,0
3331,997
3332,997
3333,0
3334,998
3335,997
3336,0
3337,997
3338,998
3339,997
3340,1001
3341,998
3342,995
3343,997
3344,0
3345,997
3346,998
3347,0
3348,997
3349,997
3350,997
3351,0
3352,999
3353,998
3354,0
3355,994
3356,998
3357,999
3358,0
3359,996
3360,998
3361,996
3362,998
3363,999
3364,999
3365,994
3366,1030
3367,965
3368,0
3369,997
3370,997
3371,0
3372,999
3373,1023
3374,1010
3375,0
3376,958
3377,997
3378,997
3379,0
3380,998
3381,999
3382,996
3383,0
3384,1010
3385,984
3386,997
3387,0
3388,997
3389,1000
3390,1023
3391,0
3392,971
3393,997
3394,997
3395,0
3396,997
3397,997
3398,0
3399,1003
3400,992
3401,997
3402,998
3403,998
3404,996
3405,997
3406,0
3407,0
3408,997
3409,997
3410,0
3411,997
3412,998
3413,0
3414,997
3415,997
3416,998
3417,0
3418,996
3419,999
3420,996
3421,0
3422,998
3423,999
3424,996
3425,997
3426,0
3427,997
3428,998
3429,0
3430,996
3431,996
3432,997
3433,1010
3434,0
3435,985
3436,1011
3437,0
3438,984
3439,997
3440,1010
3441,985
3442,998
3443,0
3444,996
3445,1009
3446,986
3447,0
3448,996
3449,1017
3450,1011
3451,965
3452,0
3453,997
3454,997
3455,0
3456,998
3457,997
3458,997
3459,0
3460,997
3461,998
3462,0
3463,997
3464,1001
3465,995
3466,997
3467,1009
3468,987
3469,996
3470,0
3471,1018
3472,977
3473,999
3474,0
3475,995
3476,999
3477,996
3478,0
3479,997
3480,998
3481,997
3482,0
3483,1998
3484,0
3485,995
3486,997
3487,0
3488,997
3489,998
3490,997
3491,997
3492,998
3493,997
3494,0
3495,998
3496,997
3497,997
3498,0
3499,997
3500,997
3501,0
3502,998
3503,997
3504,999
3505,996
3506,998
3507,0
3508,997
3509,997
3510,0
3511,998
3512,997
3513,1013
3514,1015
3515,963
3516,0
3517,998
3518,999
3519,995
3520,0
3521,997
3522,999
3523,996
3524,998
3525,998
3526,0
3527,997
3528,996
3529,999
3530,996
3531,0
3532,999
3533,996
3534,998
3535,996
3536,0
3537,998
3538,997
3539,997
3540,0
3541,999
3542,1026
3543,970
3544,996
3545,0
3546,998
3547,996
3548,0
3549,997
3550,998
3551,997
3552,0
3553,997
3554,998
3555,999
3556,996
3557,997
3558,997
3559,1000
3560,0
3561,994
3562,1006
3563,990
3564,996
3565,0
3566,997
3567,998
3568,997
3569,998
3570,0
3571,997
3572,997
3573,997
3574,0
3575,999
3576,999
3577,994
3578,998
3579,997
3580,0
3581,996
3582,1000
3583,996
3584,997
3585,0
3586,999
3587,996
3588,1011
3589,0
3590,983
3591,998
3592,997
3593,0
3594,997
3595,1001
3596,1005
3597,987
3598,997
3599,0
3600,1006
3601,989
3602,998
3603,996
3604,998
3605,0
3606,997
3607,999
3608,997
3609,996
3610,0
3611,997
3612,999
3613,996
3614,0
3615,1010
3616,985
3617,999
3618,997
3619,0
3620,1993
3621,997
3622,0
3623,997
3624,997
3625,999
3626,0
3627,1006
3628,987
3629,998
3630,997
3631,0
3632,1029
3633,1012
3634,951
3635,0
3636,1998
3637,1002
3638,0
3639,1987
3640,998
3641,997
3642,998
3643,2055
3644,1944
3645,0
3646,987
3647,998
3648,996
3649,997
3650,0
3651,1010
3652,1983
3653,0
3654,1995
3655,0
3656,996
3657,998
3658,997
3659,999
3660,0
3661,996
3662,998
3663,997
3664,0
3665,997
3666,997
3667,998
3668,997
3669,0
3670,997
3671,999
3672,1995
3673,997
3674,1000
3675,993
3676,997
3677,0
3678,999
3679,997
3680,996
3681,997
3682,0
3683,1026
3684,969
3685,998
3686,997
3687,0
3688,997
3689,999
3690,996
3691,2994
3692,996
3693,997
3694,997
3695,996
3696,0
3697,998
3698,997
3699,997
3700,0
3701,998
3702,997
3703,997
3704,0
3705,998
3706,1002
3707,995
3708,997
3709,997
3710,996
3711,1006
3712,989
3713,0
3714,997
3715,998
3716,997
3717,997
3718,0
3719,998
3720,997
3721,1006
3722,989
3723,0
3724,1010
3725,986
3726,996
3727,997
3728,999
3729,997
3730,996
3731,999
3732,996
3733,997
3734,0
3735,998
3736,997
3737,998
3738,0
3739,997
3740,998
3741,996
3742,998
3743,997
3744,0
3745,998
3746,1994
3747,997
3748,1004
3749,1022
3750,973
3751,0
3752,990
3753,998
3754,997
3755,997
3756,0
3757,998
3758,998
3759,997
3760,997
3761,0
3762,1011
3763,983
3764,1036
3765,960
3766,996
3767,998
3768,997
3769,997
3770,998
3771,0
3772,998
3773,996
3774,998
3775,997
3776,0
3777,999
3778,996
3779,997
3780,997
3781,0
3782,998
3783,997
3784,998
3785,998
3786,997
3787,997
3788,1000
3789,994
3790,997
3791,998
3792,997
3793,0
3794,1002
3795,1025
3796,968
3797,997
3798,0
3799,995
3800,997
3801,997
3802,999
3803,996
3804,997
3805,1000
3806,997
3807,996
3808,1001
3809,2992
3810,993
3811,0
3812,0
3813,998
3814,1014
3815,980
3816,0
3817,1998
3818,996
3819,996
3820,998
3821,997
3822,999
3823,995
3824,997
3825,0
3826,998
3827,997
3828,997
3829,998
3830,0
3831,997
3832,997
3833,998
3834,998
3835,997
3836,1012
3837,0
3838,982
3839,999
3840,1021
3841,974
3842,997
3843,1003
3844,991
3845,997
3846,998
3847,996
3848,0
3849,998
3850,997
3851,997
3852,997
3853,998
3854,1022
3855,0
3856,972
3857,998
3858,997
3859,996
3860,999
3861,1008
3862,0
3863,987
3864,997
3865,997
3866,997
3867,998
3868,998
3869,0
3870,1023
3871,1007
3872,1002
3873,956
3874,998
3875,996
3876,999
3877,0
3878,997
3879,0
3880,998
3881,997
3882,996
3883,998
3884,0
3885,997
3886,997
3887,998
3888,997
3889,0
3890,997
3891,999
3892,996
3893,997
3894,998
3895,997
3896,0
3897,997
3898,999
3899,2005
3900,986
3901,0
3902,997
3903,997
3904,997
3905,998
3906,997
3907,0
3908,1996
3909,997
3910,996
3911,1011
3912,984
3913,1025
3914,969
3915,1020
3916,976
3917,997
3918,996
3919,997
3920,998
3921,0
3922,997
3923,997
3924,1001
3925,995
3926,997
3927,1010
3928,985
3929,0
3930,997
3931,1000
3932,995
3933,999
3934,995
3935,998
3936,997
3937,997
3938,997
3939,0
3940,997
3941,998
3942,998
3943,996
3944,998
3945,997
3946,0
3947,997
3948,998
3949,997
3950,997
3951,0
3952,998
3953,1996
3954,1001
3955,1061
3956,930
3957,997
3958,997
3959,999
3960,1025
3961,0
3962,1006
3963,959
3964,998
3965,997
3966,998
3967,996
3968,0
3969,998
3970,997
3971,998
3972,999
3973,997
3974,996
3975,998
3976,997
3977,1000
3978,996
3979,998
3980,998
3981,1011
3982,983
3983,996
3984,0
3985,1995
3986,998
3987,995
3988,997
3989,1996
3990,1021
3991,972
3992,999
3993,1996
3994,998
3995,998
3996,997
3997,997
3998,995
3999,998
4000,0
4001,997
4002,1995
4003,996
4004,996
4005,997
4006,997
4007,0
4008,997
4009,998
4010,997
4011,997
4012,1036
4013,0
4014,958
4015,1001
4016,994
4017,1006
4018,989
4019,997
4020,1000
4021,1994
4022,996
4023,997
4024,998
4025,0
4026,1025
4027,1005
4028,961
4029,997
4030,998
4031,0
4032,997
4033,999
4034,996
4035,998
4036,996
4037,997
4038,1998
4039,1993
4040,1006
4041,1983
4042,1005
4043,0
4044,990
4045,995
4046,999
4047,996
4048,1015
4049,980
4050,0
4051,997
4052,1996
4053,997
4054,998
4055,996
4056,997
4057,999
4058,997
4059,2017
4060,3965
4061,998
4062,0
4063,1998
4064,995
4065,998
4066,1996
4067,2003
4068,1985
4069,1000
4070,0
4071,994
4072,997
4073,998
4074,997
4075,998
4076,996
4077,1995
4078,1000
4079,1994
4080,1998
4081,2999
4082,985
4083,1000
4084,994
4085,1008
4086,990
4087,1994
4088,996
4089,997
4090,1996
4091,996
4092,997
4093,997
4094,0
4095,998
4096,997
4097,997
4098,998
4099,997
4100,998
4101,0
4102,997
4103,1995
4104,996
4105,0
4106,1999
4107,993
4108,0
4109,998
4110,997
4111,1001
4112,993
4113,999
4114,1018
4115,1011
4116,0
4117,962
4118,997
4119,998
4120,997
4121,999
4122,996
4123,999
4124,995
4125,1000
4126,996
4127,997
4128,998
4129,996
4130,0
4131,998
4132,997
4133,997
4134,997
4135,998
4136,997
4137,997
4138,999
4139,996
4140,997
4141,998
4142,996
4143,1000
4144,997
4145,996
4146,996
4147,998
4148,998
4149,1022
4150,2990
4151,1973
4152,997
4153,996
4154,0
4155,1003
4156,993
4157,1995
4158,0
4159,997
4160,999
4161,995
4162,998
4163,997
4164,997
4165,998
4166,997
4167,0
4168,997
4169,999
4170,996
4171,997
4172,998
4173,997
4174,997
4175,998
4176,1007
4177,987
4178,0
4179,998
4180,996
4181,998
4182,997
4183,998
4184,997
4185,997
4186,1000
4187,1004
4188,989
4189,996
4190,998
4191,1011
4192,0
4193,1982
4194,1000
4195,1993
4196,995
4197,998
4198,997
4199,997
4200,0
4201,1995
4202,999
4203,997
4204,996
4205,997
4206,998
4207,0
4208,997
4209,1995
4210,996
4211,997
4212,1002
4213,0
4214,1025
4215,966
4216,997
4217,998
4218,998
4219,996
4220,1005
4221,990
4222,998
4223,997
4224,998
4225,0
4226,1994
4227,0
4228,998
4229,998
4230,996
4231,998
4232,997
4233,997
4234,998
4235,997
4236,996
4237,997
4238,0
4239,997
4240,998
4241,997
4242,998
4243,997
4244,997
4245,1000
4246,1994
4247,997
4248,997
4249,0
4250,997
4251,1997
4252,0
4253,995
4254,999
4255,996
4256,997
4257,996
4258,999
4259,999
4260,997
4261,996
4262,998
4263,1003
4264,991
4265,997
4266,999
4267,996
4268,997
4269,997
4270,998
4271,997
4272,1002
4273,0
4274,993
4275,998
4276,1002
4277,993
4278,997
4279,996
4280,1030
4281,998
4282,965
4283,997
4284,998
4285,997
4286,997
4287,997
4288,997
4289,998
4290,1001
4291,993
4292,998
4293,997
4294,997
4295,0
4296,2000
4297,1990
4298,996
4299,1000
4300,1994
4301,997
4302,997
4303,1010
4304,987
4305,1009
4306,1982
4307,998
4308,997
4309,1997
4310,1994
4311,997
4312,1003
4313,988
4314,997
4315,1001
4316,994
4317,1994
4318,1004
4319,992
4320,998
4321,995
4322,998
4323,1001
4324,1000
4325,996
4326,997
4327,993
4328,998
4329,997
4330,997
4331,998
4332,997
4333,1002
4334,992
4335,997
4336,1002
4337,995
4338,2992
4339,2990
4340,998
4341,996
4342,1005
4343,992
4344,996
4345,997
4346,997
4347,997
4348,1005
4349,995
4350,995
4351,2002
4352,990
4353,999
4354,996
4355,1993
4356,997
4357,999
4358,995
4359,998
4360,998
4361,997
4362,1994
4363,1995
4364,998
4365,998
4366,1993
4367,996
4368,999
4369,996
4370,999
4371,996
4372,997
4373,998
4374,997
4375,997
4376,998
4377,1996
4378,999
4379,1994
4380,996
4381,1996
4382,1998
4383,994
4384,1996
4385,996
4386,996
4387,997
4388,1995
4389,1000
4390,997
4391,998
4392,995
4393,996
4394,1002
4395,994
4396,996
4397,1006
4398,989
4399,997
4400,998
4401,997
4402,2993
4403,1995
4404,999
4405,1993
4406,1002
4407,991
4408,997
4409,997
4410,998
4411,997
4412,1995
4413,998
4414,1000
4415,1993
4416,1995
4417,1993
4418,997
4419,998
4420,997
4421,997
4422,1002
4423,0
4424,1991
4425,999
4426,997
4427,998
4428,994
4429,997
4430,1996
4431,1997
4432,995
4433,999
4434,995
4435,998
4436,999
4437,997
4438,996
4439,997
4440,1997
4441,997
4442,1993
4443,997
4444,1997
4445,998
4446,994
4447,1004
4448,1988
4449,998
4450,998
4451,1998
4452,995
4453,997
4454,996
4455,1995
4456,997
4457,1997
4458,996
4459,1016
4460,977
4461,998
4462,1995
4463,998
4464,1995
4465,997
4466,999
4467,997
4468,999
4469,1991
4470,998
4471,996
4472,997
4473,1005
4474,990
4475,998
4476,997
4477,1995
4478,997
4479,996
4480,998
4481,997
4482,998
4483,999
4484,996
4485,998
4486,998
4487,996
4488,1007
4489,988
4490,996
4491,998
4492,1996
4493,996
4494,997
4495,997
4496,1995
4497,997
4498,1002
4499,1991
4500,998
4501,997
4502,996
4503,997
4504,1008
4505,1985
4506,998
4507,1995
4508,996
4509,997
4510,1000
4511,995
4512,1996
4513,997
4514,998
4515,996
4516,1010
4517,985
4518,1995
4519,996
4520,1995
4521,998
4522,996
4523,1996
4524,1003
4525,1988
4526,1001
4527,1995
4528,998
4529,996
4530,1995
4531,996
4532,999
4533,1992
4534,999
4535,995
4536,998
4537,998
4538,1999
4539,1991
4540,995
4541,1001
4542,1995
4543,994
4544,999
4545,996
4546,997
4547,1994
4548,1000
4549,1001
4550,994
4551,997
4552,998
4553,997
4554,1993
4555,1000
4556,2008
4557,981
4558,999
4559,995
4560,1011
4561,985
4562,1993
4563,1006
4564,989
4565,1996
4566,996
4567,997
4568,998
4569,996
4570,998
4571,1002
4572,996
4573,1995
4574,997
4575,995
4576,999
4577,1006
4578,986
4579,1998
4580,995
4581,1995
4582,997
4583,1995
4584,997
4585,2001
4586,1003
4587,986
4588,996
4589,1996
4590,995
4591,1001
4592,2994
4593,996
4594,997
4595,1992
4596,4013
4597,1972
4598,995
4599,1995
4600,998
4601,1002
4602,995
4603,998
4604,996
4605,2006
4606,987
4607,997
4608,1007
4609,987
4610,997
4611,998
4612,997
4613,998
4614,1997
4615,1993
4616,995
4617,998
4618,998
4619,1003
4620,990
4621,997
4622,999
4623,999
4624,1994
4625,997
4626,997
4627,997
4628,1997
4629,1994
4630,995
4631,997
4632,997
4633,1994
4634,998
4635,1010
4636,986
4637,996
4638,1998
4639,995
4640,1993
4641,1994
4642,998
4643,997
4644,997
4645,1002
4646,1992
4647,996
4648,997
4649,998
4650,998
4651,1994
4652,998
4653,3995
4654,990
4655,1994
4656,997
4657,998
4658,997
4659,997
4660,1001
4661,1993
4662,997
4663,2992
4664,3991
4665,4984
4666,1997
4667,1994
4668,5991
4669,990
4670,1994
4671,997
4672,999
4673,997
4674,998
4675,997
4676,997
4677,997
4678,1994
4679,999
4680,1997
4681,996
4682,998
4683,2000
4684,1012
4685,977
4686,997
4687,999
4688,996
4689,994
4690,997
4691,1997
4692,1995
4693,3000
4694,988
4695,1997
4696,998
4697,1991
4698,999
4699,996
4700,1995
4701,1000
4702,996
4703,1994
4704,1000
4705,5981
4706,996
4707,997
4708,997
4709,1996
4710,996
4711,998
4712,1003
4713,996
4714,3000
4715,2982
4716,997
4717,998
4718,996
4719,998
4720,997
4721,1993
4722,1000
4723,999
4724,1990
4725,998
4726,2002
4727,992
4728,997
4729,995
4730,998
4731,997
4732,998
4733,1995
4734,996
4735,998
4736,997
4737,998
4738,998
4739,997
4740,997
4741,3017
4742,1969
4743,997
4744,998
4745,998
4746,997
4747,997
4748,997
4749,998
4750,998
4751,996
4752,997
4753,998
4754,997
4755,963
4756,998
4757,996
4758,998
4759,1995
4760,996
4761,997
4762,997
4763,998
4764,997
4765,998
4766,997
4767,997
4768,1995
4769,998
4770,997
4771,997
4772,997
4773,1995
4774,1996
4775,1001
4776,1990
4777,1004
4778,1988
4779,997
4780,1997
4781,1993
4782,996
4783,4992
4784,1993
4785,998
4786,1012
4787,982
4788,2002
4789,3002
4790,2975
4791,995
4792,999
4793,2001
4794,990
4795,1001
4796,1991
4797,997
4798,998
4799,1993
4800,1997
4801,997
4802,1000
4803,1994
4804,997
4805,1003
4806,990
4807,996
4808,998
4809,1001
4810,995
4811,995
4812,1995
4813,1994
4814,1997
4815,996
4816,1996
4817,998
4818,997
4819,998
4820,998
4821,1016
4822,977
4823,1994
4824,994
4825,1999
4826,995
4827,3990
4828,1000
4829,1009
4830,988
4831,1994
4832,1991
4833,1996
4834,1992
4835,1997
4836,996
4837,1996
4838,997
4839,998
4840,1008
4841,986
4842,997
4843,1997
4844,1990
4845,996
4846,1997
4847,1996
4848,1993
4849,997
4850,2003
4851,991
4852,1992
4853,998
4854,1994
4855,1995
4856,1995
4857,35914
4858,1984
4859,998
4860,1995
4861,997
4862,997
4863,997
4864,1996
4865,997
4866,1994
4867,1997
4868,997
4869,1994
4870,996
4871,14961
4872,1994
4873,1995
4874,997
4875,1994
4876,1997
4877,995
4878,1998
4879,1995
4880,18950
4881,996
4882,996
4883,997
4884,997
4885,3989
4886,3001
4887,1985
4888,1994
4889,1001
4890,1992
4891,1998
4892,996
4893,1992
4894,999
4895,1993
4896,998
4897,1995
4898,1996
4899,999
4900,994
4901,1994
4902,1000
4903,1992
4904,997
4905,998
4906,997
4907,997
4908,997
4909,998
4910,1994
4911,1998
4912,1991
4913,998
4914,1995
4915,997
4916,998
4917,997
4918,999
4919,1993
4920,998
4921,997
4922,998
4923,1994
4924,996
4925,1995
4926,998
4927,1996
4928,1993
4929,998
4930,1001
4931,1990
4932,998
4933,1994
4934,998
4935,998
4936,995
4937,998
4938,1996
4939,996
4940,997
4941,1000
4942,996
4943,999
4944,996
4945,997
4946,997
4947,998
4948,997
4949,998
4950,1997
4951,1992
4952,998
4953,1993
4954,997
4955,1995
4956,998
4957,997
4958,1995
4959,997
4960,1995
4961,1995
4962,997
4963,999
4964,1993
4965,998
4966,997
4967,997
4968,998
4969,997
4970,997
4971,997
4972,998
4973,997
4974,997
4975,997
4976,1996
4977,999
4978,1992
4979,999
4980,1995
4981,1000
4982,994
4983,997
4984,998
4985,997
4986,997
4987,998
4988,998
4989,1993
4990,2001
4991,1987
4992,998
4993,999
4994,997
4995,999
4996,996
4997,1993
4998,997
4999,997
5000,997
5001,998
5002,996
5003,996
5004,1996
5005,995
5006,1994
5007,1001
5008,1991
5009,998
5010,1995
5011,997
5012,2995
5013,1993
5014,997
5015,998
5016,1994
5017,1001
5018,994
5019,1994
5020,997
5021,997
5022,1996
5023,2992
5024,998
5025,2003
5026,1985
5027,999
5028,2993
5029,1996
5030,3985
5031,1996
5032,1995
5033,3990
5034,1992
5035,997
5036,998
5037,2993
5038,1995
5039,1997
5040,2007
5041,2977
5042,1998
5043,996
5044,1994
5045,998
5046,1993
5047,1998
5048,1993
5049,997
5050,3988
5051,996
5052,1996
5053,996
5054,1995
5055,997
5056,997
5057,2001
5058,992
5059,2004
5060,989
5061,1994
5062,998
5063,998
5064,999
5065,1991
5066,999
5067,996
5068,2002
5069,992
5070,1995
5071,999
5072,995
5073,998
5074,1993
5075,997
5076,1994
5077,997
5078,1997
5079,1994
5080,997
5081,1998
5082,1995
5083,994
5084,998
5085,998
5086,996
5087,1995
5088,998
5089,1994
5090,997
5091,994
5092,1987
5093,998
5094,1995
5095,1000
5096,997
5097,1995
5098,996
5099,999
5100,1992
5101,1995
5102,999
5103,1992
5104,997
5105,998
5106,1994
5107,997
5108,997
5109,1994
5110,1002
5111,993
5112,997
5113,1994
5114,997
5115,1002
5116,1996
5117,995
5118,1996
5119,996
5120,996
5121,998
5122,998
5123,1993
5124,1003
5125,992
5126,997
5127,998
5128,999
5129,1997
5130,995
5131,996
5132,998
5133,997
5134,997
5135,998
5136,2994
5137,996
5138,2002
5139,991
5140,987
5141,1999
5142,1992
5143,996
5144,997
5145,1995
5146,1995
5147,2001
5148,991
5149,997
5150,997
5151,997
5152,1996
5153,1995
5154,1995
5155,999
5156,1993
5157,1995
5158,996
5159,1003
5160,1988
5161,1003
5162,993
5163,1996
5164,1995
5165,996
5166,996
5167,1995
5168,1003
5169,1991
5170,1006
5171,1985
5172,996
5173,1995
5174,997
5175,1995
5176,999
5177,997
5178,998
5179,1997
5180,993
5181,998
5182,998
5183,996
5184,1994
5185,998
5186,996
5187,998
5188,1996
5189,3991
5190,996
5191,1997
5192,1000
5193,995
5194,1991
5195,997
5196,997
5197,999
5198,1997
5199,2999
5200,989
5201,2001
5202,991
5203,996
5204,1995
5205,997
5206,2992
5207,1995
5208,2993
5209,994
5210,999
5211,1996
5212,1994
5213,1994
5214,4003
5215,3976
5216,1998
5217,998
5218,1002
5219,992
5220,1994
5221,2988
5222,999
5223,1994
5224,997
5225,4987
5226,998
5227,1993
5228,997
5229,998
5230,1997
5231,996
5232,2991
5233,2991
5234,2000
5235,2004
5236,1981
5237,997
5238,1997
5239,1994
5240,999
5241,2991
5242,1995
5243,994
5244,1001
5245,1990
5246,998
5247,1994
5248,1995
5249,996
5250,2002
5251,2991
5252,1000
5253,1989
5254,994
5255,997
5256,998
5257,997
5258,997
5259,997
5260,1996
5261,998
5262,996
5263,1996
5264,1009
5265,1981
5266,999
5267,996
5268,997
5269,998
5270,997
5271,998
5272,2992
5273,1007
5274,987
5275,1995
5276,2013
5277,980
5278,996
5279,998
5280,997
5281,997
5282,1994
5283,998
5284,1995
5285,998
5286,1995
5287,997
5288,2007
5289,987
5290,995
5291,1994
5292,998
5293,997
5294,997
5295,2992
5296,1999
5297,2988
5298,3990
5299,1994
5300,2992
5301,2992
5302,3991
5303,2993
5304,996
5305,1994
5306,1994
5307,997
5308,1996
5309,996
5310,1997
5311,996
5312,1994
5313,998
5314,1997
5315,995
5316,997
5317,1994
5318,997
5319,999
5320,996
5321,997
5322,997
5323,1995
5324,999
5325,996
5326,1996
5327,998
5328,1993
5329,997
5330,998
5331,998
5332,1994
5333,997
5334,997
5335,997
5336,999
5337,996
5338,997
5339,1996
5340,1001
5341,2002
5342,986
5343,1996
5344,996
5345,1995
5346,996
5347,999
5348,996
5349,998
5350,997
5351,1995
5352,997
5353,999
5354,1994
5355,1993
5356,998
5357,997
5358,997
5359,998
5360,997
5361,997
5362,1995
5363,998
5364,997
5365,1997
5366,1995
5367,997
5368,1992
5369,997
5370,999
5371,996
5372,998
5373,997
5374,1994
5375,998
5376,997
5377,997
5378,1996
5379,998
5380,1994
5381,997
5382,997
5383,997
5384,997
5385,999
5386,1993
5387,1001
5388,994
5389,1023
5390,972
5391,998
5392,2993
5393,998
5394,1994
5395,995
5396,998
5397,999
5398,995
5399,998
5400,997
5401,1995
5402,998
5403,996
5404,999
5405,2993
5406,998
5407,1992
5408,997
5409,999
5410,996
5411,997
5412,1995
5413,997
5414,997
5415,998
5416,997
5417,3999
5418,2005
5419,978
5420,997
5421,1002
5422,992
5423,997
5424,1996
5425,998
5426,997
5427,998
5428,1996
5429,2991
5430,1998
5431,995
5432,997
5433,1001
5434,1991
5435,998
5436,997
5437,997
5438,1993
5439,2995
5440,1000
5441,2005
5442,984
5443,996
5444,1995
5445,1993
5446,999
5447,996
5448,997
5449,1995
5450,997
5451,5008
5452,1974
5453,997
5454,997
5455,1995
5456,997
5457,998
5458,995
5459,1995
5460,998
5461,2006
5462,2982
5463,2006
5464,985
5465,998
5466,1011
5467,983
5468,1995
5469,1001
5470,1995
5471,1991
5472,2012
5473,1979
5474,998
5475,998
5476,1996
5477,994
5478,997
5479,1995
5480,996
5481,1996
5482,1996
5483,2009
5484,980
5485,999
5486,996
5487,997
5488,2000
5489,993
5490,1995
5491,996
5492,2000
5493,1990
5494,2007
5495,987
5496,1992
5497,998
5498,997
5499,998
5500,1016
5501,1976
5502,997
5503,998
5504,2008
5505,984
5506,1998
5507,1002
5508,1987
5509,997
5510,997
5511,998
5512,997
5513,1995
5514,997
5515,997
5516,997
5517,998
5518,1993
5519,2007
5520,987
5521,996
5522,1995
5523,997
5524,997
5525,1002
5526,1991
5527,997
5528,997
5529,1995
5530,997
5531,1995
5532,998
5533,2010
5534,981
5535,997
5536,998
5537,1995
5538,996
5539,998
5540,997
5541,1996
5542,996
5543,999
5544,1995
5545,997
5546,1993
5547,997
5548,997
5549,1997
5550,996
5551,1004
5552,990
5553,2025
5554,967
5555,998
5556,1995
5557,1000
5558,994
5559,1995
5560,2993
5561,999
5562,1992
5563,1996
5564,1994
5565,998
5566,3989
5567,997
5568,1994
5569,1993
5570,1010
5571,1983
5572,997
5573,998
5574,998
5575,1994
5576,1995
5577,1998
5578,995
5579,2001
5580,1986
5581,998
5582,997
5583,997
5584,998
5585,1994
5586,998
5587,1995
5588,1002
5589,1990
5590,997
5591,1995
5592,998
5593,999
5594,995
5595,999
5596,1995
5597,995
5598,998
5599,999
5600,2991
5601,2010
5602,981
5603,998
5604,1994
5605,998
5606,997
5607,998
5608,997
5609,1994
5610,998
5611,1995
5612,1998
5613,1991
5614,997
5615,998
5616,998
5617,1993
5618,1007
5619,988
5620,997
5621,997
5622,1995
5623,998
5624,2993
5625,997
5626,995
5627,1012
5628,1981
5629,997
5630,999
5631,996
5632,1015
5633,1977
5634,1004
5635,995
5636,1992
5637,1994
5638,997
5639,2033
5640,958
5641,998
5642,997
5643,998
5644,1995
5645,998
5646,1003
5647,1988
5648,997
5649,1995
5650,997
5651,2005
5652,1019
5653,967
5654,1018
5655,1976
5656,1023
5657,968
5658,997
5659,1013
5660,2979
5661,1994
5662,1001
5663,997
5664,993
5665,1994
5666,998
5667,997
5668,996
5669,1994
5670,998
5671,1997
5672,1993
5673,1998
5674,995
5675,1994
5676,999
5677,995
5678,998
5679,997
5680,997
5681,997
5682,997
5683,1997
5684,1999
5685,1990
5686,1000
5687,995
5688,997
5689,1995
5690,997
5691,997
5692,998
5693,997
5694,1995
5695,1000
5696,1992
5697,1996
5698,996
5699,1993
5700,997
5701,998
5702,997
5703,1996
5704,998
5705,1004
5706,1988
5707,2019
5708,1970
5709,1995
5710,998
5711,1999
5712,991
5713,998
5714,997
5715,997
5716,2028
5717,965
5718,1998
5719,1993
5720,999
5721,1992
5722,997
5723,997
5724,997
5725,1999
5726,992
5727,998
5728,997
5729,1995
5730,997
5731,1994
5732,1996
5733,1998
5734,994
5735,1993
5736,998
5737,997
5738,998
5739,2002
5740,1988
5741,1000
5742,1994
5743,1993
5744,996
5745,997
5746,1995
5747,997
5748,997
5749,998
5750,1997
5751,995
5752,997
5753,1999
5754,993
5755,1998
5756,997
5757,1993
5758,998
5759,997
5760,998
5761,1994
5762,1006
5763,1986
5764,998
5765,998
5766,1992
5767,1996
5768,999
5769,996
5770,1994
5771,997
5772,998
5773,1994
5774,998
5775,996
5776,1994
5777,998
5778,998
5779,1999
5780,997
5781,1992
5782,1995
5783,1994
5784,998
5785,994
5786,1996
5787,1016
5788,981
5789,2020
5790,2975
5791,1984
5792,997
5793,998
5794,1995
5795,999
5796,997
5797,1993
5798,997
5799,999
5800,996
5801,1996
5802,1993
5803,997
5804,998
5805,2001
5806,1987
5807,998
5808,1994
5809,998
5810,997
5811,997
5812,1997
5813,997
5814,1994
5815,997
5816,1996
5817,996
5818,1007
5819,1986
5820,997
5821,1027
5822,967
5823,1996
5824,996
5825,1995
5826,998
5827,996
5828,1995
5829,998
5830,1022
5831,1969
5832,998
5833,997
5834,997
5835,1996
5836,996
5837,1012
5838,1981
5839,997
5840,1995
5841,997
5842,1994
5843,997
5844,999
5845,1993
5846,999
5847,1995
5848,997
5849,1993
5850,997
5851,1997
5852,1022
5853,975
5854,1991
5855,998
5856,997
5857,2008
5858,983
5859,998
5860,1996
5861,1010
5862,1981
5863,1012
5864,983
5865,1994
5866,997
5867,998
5868,998
5869,1994
5870,999
5871,996
5872,1994
5873,997
5874,1995
5875,1995
5876,2011
5877,982
5878,997
5879,997
5880,1995
5881,997
5882,997
5883,998
5884,1995
5885,1996
5886,1992
5887,997
5888,1996
5889,996
5890,998
5891,997
5892,2002
5893,990
5894,998
5895,997
5896,1994
5897,1998
5898,1994
5899,997
5900,2003
5901,1986
5902,997
5903,1993
5904,998
5905,2993
5906,2999
5907,1988
5908,2006
5909,2010
5910,969
5911,997
5912,1995
5913,1008
5914,987
5915,2993
5916,2012
5917,1981
5918,994
5919,1995
5920,1995
5921,1994
5922,997
5923,2023
5924,967
5925,1994
5926,1998
5927,1992
5928,997
5929,997
5930,1995
5931,997
5932,998
5933,997
5934,997
5935,2994
5936,997
5937,2003
5938,1986
5939,997
5940,998
5941,1994
5942,998
5943,997
5944,2004
5945,989
5946,2007
5947,985
5948,1018
5949,2971
5950,999
5951,995
5952,1995
5953,997
5954,997
5955,1995
5956,2002
5957,1006
5958,1985
5959,993
5960,1995
5961,996
5962,1994
5963,997
5964,998
5965,997
5966,1995
5967,2016
5968,1973
5969,1999
5970,1991
5971,1994
5972,997
5973,997
5974,1995
5975,1001
5976,2989
5977,1009
5978,2004
5979,977
5980,1996
5981,1992
5982,997
5983,997
5984,1994
5985,998
5986,2018
5987,975
5988,998
5989,1994
5990,998
5991,997
5992,2992
5993,1013
5994,1978
5995,997
5996,998
5997,1995
5998,997
5999,1999
6000,1024
6001,966
6002,1997
6003,1994
6004,1995
6005,2011
6006,982
6007,1994
6008,999
6009,1993
6010,996
6011,1996
6012,2991
6013,4992
6014,1990
6015,998
6016,997
6017,1994
6018,1013
6019,1980
6020,1995
6021,2992
6022,1997
6023,994
6024,997
6025,1995
6026,997
6027,997
6028,1995
6029,998
6030,1997
6031,1994
6032,1992
6033,998
6034,1996
6035,2993
6036,2991
6037,1993
6038,2995
6039,2991
6040,1992
6041,998
6042,997
6043,1994
6044,999
6045,1995
6046,997
6047,2992
6048,3029
6049,1959
6050,1992
6051,997
6052,999
6053,2007
6054,984
6055,997
6056,2996
6057,1993
6058,995
6059,997
6060,998
6061,1993
6062,998
6063,998
6064,1994
6065,997
6066,998
6067,1996
6068,1994
6069,1996
6070,997
6071,1995
6072,997
6073,1995
6074,997
6075,997
6076,1994
6077,996
6078,2994
6079,1998
6080,993
6081,2024
6082,968
6083,1995
6084,1012
6085,1017
6086,965
6087,1992
6088,1995
6089,1995
6090,1004
6091,1988
6092,997
6093,1001
6094,1992
6095,997
6096,999
6097,2000
6098,990
6099,1996
6100,2006
6101,1989
6102,991
6103,1994
6104,1004
6105,990
6106,999
6107,1995
6108,996
6109,1995
6110,1002
6111,1990
6112,2004
6113,2009
6114,1971
6115,999
6116,2033
6117,957
6118,997
6119,1996
6120,999
6121,1993
6122,1997
6123,1992
6124,2991
6125,1995
6126,998
6127,997
6128,1995
6129,2007
6130,986
6131,1994
6132,2004
6133,987
6134,1994
6135,999
6136,996
6137,1995
6138,998
6139,1994
6140,1002
6141,2002
6142,985
6143,2016
6144,1973
6145,998
6146,997
6147,1996
6148,1014
6149,980
6150,1994
6151,997
6152,1000
6153,1993
6154,1995
6155,1995
6156,997
6157,997
6158,1995
6159,997
6160,1998
6161,1991
6162,2993
6163,1994
6164,1996
6165,1993
6166,997
6167,1993
6168,998
6169,1996
6170,1994
6171,1017
6172,1977
6173,1996
6174,1993
6175,997
6176,997
6177,1995
6178,997
6179,1995
6180,998
6181,996
6182,1994
6183,1014
6184,1979
6185,2003
6186,989
6187,1994
6188,997
6189,1994
6190,1000
6191,996
6192,1994
6193,1025
6194,1969
6195,996
6196,1995
6197,1994
6198,998
6199,1994
6200,2016
6201,1010
6202,963
6203,2009
6204,994
6205,989
6206,1992
6207,1998
6208,1992
6209,998
6210,1994
6211,2002
6212,1990
6213,1991
6214,997
6215,997
6216,2994
6217,1995
6218,996
6219,992
6220,3000
6221,2986
6222,994
6223,1994
6224,1998
6225,1992
6226,1994
6227,1994
6228,997
6229,999
6230,1993
6231,998
6232,997
6233,2028
6234,966
6235,2001
6236,3023
6237,960
6238,1993
6239,998
6240,1994
6241,998
6242,997
6243,997
6244,1995
6245,996
6246,2996
6247,1996
6248,993
6249,1994
6250,998
6251,997
6252,1995
6253,997
6254,997
6255,1995
6256,1998
6257,1993
6258,1996
6259,996
6260,997
6261,1994
6262,998
6263,997
6264,1994
6265,998
6266,2001
6267,1004
6268,1984
6269,1992
6270,997
6271,1995
6272,998
6273,1995
6274,1016
6275,978
6276,1993
6277,999
6278,1995
6279,1995
6280,1995
6281,996
6282,996
6283,1995
6284,997
6285,998
6286,1996
6287,997
6288,2011
6289,1980
6290,1994
6291,1994
6292,997
6293,997
6294,1995
6295,1000
6296,995
6297,1994
6298,999
6299,2012
6300,1976
6301,1994
6302,1995
6303,2001
6304,1023
6305,1968
6306,994
6307,995
6308,1995
6309,1998
6310,2990
6311,1994
6312,998
6313,1992
6314,998
6315,997
6316,1995
6317,1997
6318,998
6319,996
6320,1998
6321,1993
6322,1994
6323,998
6324,1994
6325,1021
6326,1971
6327,996
6328,1995
6329,1996
6330,2000
6331,1990
6332,997
6333,997
6334,1995
6335,997
6336,1994
6337,997
6338,1995
6339,1000
6340,998
6341,2989
6342,998
6343,1994
6344,997
6345,998
6346,1994
6347,997
6348,2003
6349,990
6350,997
6351,1995
6352,996
6353,1014
6354,1970
6355,2000
6356,991
6357,998
6358,1994
6359,1997
6360,1023
6361,1966
6362,1995
6363,1996
6364,996
6365,1998
6366,993
6367,998
6368,1997
6369,1996
6370,994
6371,997
6372,1995
6373,1995
6374,2001
6375,991
6376,1994
6377,998
6378,998
6379,1994
6380,1993
6381,998
6382,997
6383,1995
6384,997
6385,1997
6386,2001
6387,991
6388,2019
6389,972
6390,1994
6391,998
6392,1994
6393,1008
6394,1984
6395,998
6396,1995
6397,1994
6398,997
6399,1996
6400,1994
6401,999
6402,1993
6403,1013
6404,983
6405,1998
6406,1992
6407,1994
6408,996
6409,998
6410,1995
6411,1994
6412,1002
6413,1990
6414,997
6415,1995
6416,997
6417,1997
6418,1992
6419,1995
6420,1032
6421,1960
6422,997
6423,1006
6424,1986
6425,997
6426,1995
6427,1996
6428,998
6429,2991
6430,1002
6431,3983
6432,999
6433,1994
6434,998
6435,996
6436,1999
6437,1992
6438,1994
6439,1994
6440,998
6441,997
6442,1995
6443,997
6444,1994
6445,998
6446,997
6447,1996
6448,1994
6449,1995
6450,1002
6451,1989
6452,998
6453,997
6454,1995
6455,997
6456,1996
6457,996
6458,1995
6459,2994
6460,999
6461,1991
6462,998
6463,1994
6464,998
6465,1994
6466,997
6467,997
6468,1995
6469,1996
6470,1994
6471,1005
6472,1021
6473,1962
6474,998
6475,1994
6476,999
6477,1993
6478,998
6479,1994
6480,1996
6481,996
6482,1995
6483,997
6484,1996
6485,997
6486,1995
6487,996
6488,1994
6489,1996
6490,1995
6491,1009
6492,1983
6493,997
6494,1995
6495,997
6496,1995
6497,997
6498,997
6499,1995
6500,1996
6501,1029
6502,1981
6503,977
6504,1996
6505,997
6506,1009
6507,1982
6508,999
6509,2014
6510,1975
6511,1001
6512,2003
6513,984
6514,1995
6515,999
6516,1994
6517,1022
6518,1009
6519,1957
6520,998
6521,2991
6522,998
6523,1995
6524,1994
6525,997
6526,1994
6527,1000
6528,1994
6529,997
6530,1996
6531,1995
6532,1992
6533,1996
6534,1996
6535,1993
6536,997
6537,1995
6538,997
6539,1996
6540,1994
6541,1000
6542,1992
6543,1994
6544,1017
6545,1975
6546,998
6547,1995
6548,997
6549,997
6550,2005
6551,1985
6552,2992
6553,2004
6554,987
6555,997
6556,1997
6557,996
6558,1995
6559,996
6560,1996
6561,998
6562,1994
6563,1996
6564,997
6565,1994
6566,997
6567,1995
6568,997
6569,997
6570,1996
6571,1994
6572,997
6573,1995
6574,1008
6575,1983
6576,997
6577,1995
6578,997
6579,998
6580,1994
6581,1997
6582,1994
6583,1995
6584,1993
6585,997
6586,1008
6587,1984
6588,998
6589,1994
6590,997
6591,1995
6592,998
6593,996
6594,1994
6595,1000
6596,1995
6597,1994
6598,997
6599,997
6600,1995
6601,999
6602,1992
6603,997
6604,1995
6605,997
6606,997
6607,1995
6608,999
6609,1994
6610,998
6611,1993
6612,2995
6613,2006
6614,984
6615,1994
6616,998
6617,1996
6618,996
6619,1995
6620,997
6621,998
6622,2993
6623,996
6624,997
6625,1995
6626,997
6627,998
6628,1994
6629,1996
6630,997
6631,997
6632,1994
6633,999
6634,1993
6635,998
6636,1994
6637,998
6638,1995
6639,996
6640,1996
6641,996
6642,1995
6643,1995
6644,1994
6645,998
6646,1011
6647,1980
6648,998
6649,1994
6650,998
6651,1994
6652,999
6653,1996
6654,1993
6655,998
6656,1994
6657,996
6658,1995
6659,997
6660,998
6661,2024
6662,1966
6663,1995
6664,996
6665,1995
6666,997
6667,1995
6668,998
6669,2006
6670,986
6671,1028
6672,2966
6673,2995
6674,2983
6675,998
6676,1013
6677,1997
6678,981
6679,1993
6680,997
6681,1994
6682,1996
6683,1995
6684,996
6685,2005
6686,987
6687,2007
6688,1017
6689,967
6690,1994
6691,996
6692,1996
6693,1995
6694,1999
6695,992
6696,997
6697,1995
6698,998
6699,1995
6700,997
6701,2031
6702,962
6703,1999
6704,1990
6705,998
6706,1994
6707,997
6708,1995
6709,996
6710,1995
6711,997
6712,1994
6713,1995
6714,2017
6715,977
6716,997
6717,1993
6718,998
6719,1994
6720,998
6721,1994
6722,998
6723,997
6724,1997
6725,1994
6726,1993
6727,1013
6728,1984
6729,992
6730,998
6731,1994
6732,998
6733,1993
6734,1997
6735,997
6736,1993
6737,998
6738,1995
6739,996
6740,998
6741,1994
6742,998
6743,1994
6744,998
6745,1997
6746,1994
6747,1996
6748,1009
6749,1981
6750,1008
6751,1995
6752,986
6753,2012
6754,1020
6755,1954
6756,997
6757,1995
6758,1996
6759,997
6760,2004
6761,988
6762,997
6763,1995
6764,1011
6765,2978
6766,997
6767,1995
6768,1002
6769,1990
6770,997
6771,1996
6772,996
6773,1995
6774,997
6775,1996
6776,1994
6777,996
6778,1996
6779,2024
6780,968
6781,1994
6782,998
6783,998
6784,2015
6785,976
6786,1995
6787,997
6788,1999
6789,993
6790,1994
6791,1994
6792,998
6793,997
6794,1994
6795,998
6796,2995
6797,1994
6798,1007
6799,1984
6800,2007
6801,1985
6802,1991
6803,997
6804,997
6805,1997
6806,1994
6807,997
6808,1995
6809,997
6810,2993
6811,996
6812,998
6813,1995
6814,1994
6815,1995
6816,2992
6817,2992
6818,2029
6819,1959
6820,998
6821,1993
6822,1996
6823,997
6824,2039
6825,994
6826,1960
6827,993
6828,1994
6829,999
6830,2030
6831,1957
6832,1000
6833,1993
6834,998
6835,1994
6836,997
6837,2012
6838,979
6839,1997
6840,997
6841,1994
6842,997
6843,1994
6844,1995
6845,1022
6846,1969
6847,998
6848,998
6849,1996
6850,1993
6851,997
6852,1994
6853,1999
6854,1991
6855,2010
6856,1981
6857,996
6858,1995
6859,998
6860,3032
6861,1955
6862,1994
6863,997
6864,1998
6865,994
6866,2023
6867,1007
6868,1957
6869,1994
6870,2008
6871,1981
6872,997
6873,1995
6874,997
6875,1994
6876,998
6877,998
6878,1994
6879,997
6880,1996
6881,1996
6882,997
6883,1994
6884,997
6885,1995
6886,997
6887,1994
6888,1017
6889,1976
6890,1024
6891,2966
6892,1997
6893,1991
6894,997
6895,2011
6896,981
6897,1995
6898,998
6899,1994
6900,1996
6901,1993
6902,998
6903,1994
6904,1011
6905,1981
6906,1994
6907,997
6908,998
6909,1994
6910,998
6911,2993
6912,997
6913,1993
6914,998
6915,1995
6916,997
6917,1995
6918,997
6919,1995
6920,997
6921,2003
6922,1988
6923,997
6924,2005
6925,1984
6926,997
6927,1995
6928,997
6929,1995
6930,997
6931,1995
6932,1994
6933,997
6934,1994
6935,998
6936,1995
6937,999
6938,1994
6939,998
6940,2000
6941,1990
6942,996
6943,1994
6944,1995
6945,1007
6946,1986
6947,1019
6948,1972
6949,997
6950,1995
6951,1995
6952,1993
6953,998
6954,1994
6955,998
6956,1996
6957,996
6958,1995
6959,998
6960,1996
6961,1995
6962,996
6963,2005
6964,1983
6965,997
6966,997
6967,1995
6968,997
6969,1995
6970,997
6971,1995
6972,1000
6973,1994
6974,998
6975,1993
6976,1995
6977,998
6978,1993
6979,998
6980,1995
6981,997
6982,1996
6983,1993
6984,1994
6985,998
6986,1994
6987,997
6988,1995
6989,997
6990,1995
6991,997
6992,1996
6993,1996
6994,1994
6995,997
6996,1993
6997,998
6998,1994
6999,998
7000,997
7001,1995
7002,1003
7003,1993
7004,1995
7005,998
7006,1994
7007,996
7008,1996
7009,997
7010,3989
7011,3054
7012,1932
7013,2994
7014,1993
7015,1994
7016,1996
7017,2007
7018,984
7019,1995
7020,999
7021,3005
7022,1982
7023,1992
7024,998
7025,3991
7026,3997
7027,990
7028,2994
7029,3006
7030,2976
7031,997
7032,2013
7033,979
7034,1993
7035,998
7036,1994
7037,2995
7038,4001
7039,984
7040,1993
7041,997
7042,1995
7043,1994
7044,998
7045,1996
7046,1993
7047,997
7048,1994
7049,1995
7050,996
7051,1996
7052,997
7053,1995
7054,1994
7055,1995
7056,1012
7057,2007
7058,1968
7059,997
7060,1995
7061,1994
7062,999
7063,1993
7064,1995
7065,997
7066,1994
7067,1995
7068,998
7069,1994
7070,997
7071,997
7072,1995
7073,1995
7074,997
7075,1997
7076,1994
7077,1994
7078,996
7079,1997
7080,997
7081,1995
7082,997
7083,1995
7084,997
7085,1994
7086,1994
7087,1994
7088,998
7089,997
7090,1995
7091,997
7092,1995
7093,997
7094,1995
7095,998
7096,2996
7097,1991
7098,1995
7099,998
7100,1994
7101,997
7102,1995
7103,998
7104,1994
7105,1994
7106,1996
7107,1993
7108,1995
7109,997
7110,1996
7111,998
7112,1993
7113,999
7114,1994
7115,1995
7116,1993
7117,1995
7118,1996
7119,996
7120,1995
7121,1013
7122,1978
7123,997
7124,1995
7125,2993
7126,999
7127,2009
7128,1016
7129,2000
7130,1954
7131,1002
7132,1991
7133,1029
7134,2973
7135,1982
7136,998
7137,1994
7138,997
7139,1995
7140,997
7141,1995
7142,997
7143,2996
7144,1990
7145,1995
7146,1995
7147,2010
7148,1978
7149,997
7150,1996
7151,996
7152,2996
7153,1992
7154,1993
7155,1000
7156,1994
7157,998
7158,1994
7159,998
7160,1994
7161,998
7162,1995
7163,1994
7164,1995
7165,1994
7166,998
7167,1994
7168,1014
7169,1978
7170,1008
7171,2023
7172,1955
7173,998
7174,2025
7175,2004
7176,998
7177,1954
7178,1004
7179,2028
7180,957
7181,2993
7182,998
7183,1994
7184,2004
7185,987
7186,1996
7187,997
7188,1994
7189,998
7190,1995
7191,1994
7192,2023
7193,971
7194,1993
7195,1995
7196,997
7197,1995
7198,997
7199,2026
7200,965
7201,1995
7202,1995
7203,997
7204,1994
7205,1997
7206,997
7207,1994
7208,997
7209,1995
7210,1996
7211,1993
7212,1994
7213,1994
7214,1998
7215,996
7216,1995
7217,1994
7218,997
7219,2992
7220,1994
7221,1995
7222,1995
7223,2004
7224,1022
7225,1960
7226,1995
7227,997
7228,1996
7229,1994
7230,998
7231,1994
7232,1001
7233,1990
7234,1995
7235,997
7236,1994
7237,1997
7238,1994
7239,1994
7240,998
7241,1994
7242,1994
7243,1995
7244,1995
7245,1994
7246,1995
7247,997
7248,1995
7249,997
7250,1994
7251,999
7252,1996
7253,1994
7254,997
7255,1996
7256,1993
7257,1998
7258,994
7259,1995
7260,1994
7261,997
7262,1997
7263,1994
7264,997
7265,2000
7266,2008
7267,1013
7268,1959
7269,998
7270,1999
7271,993
7272,1995
7273,1995
7274,1994
7275,997
7276,1994
7277,1994
7278,998
7279,997
7280,1995
7281,1995
7282,1998
7283,998
7284,1993
7285,1994
7286,997
7287,1994
7288,1995
7289,1014
7290,1977
7291,998
7292,1995
7293,2993
7294,2992
7295,996
7296,1994
7297,1995
7298,999
7299,2000
7300,990
7301,1995
7302,1997
7303,1994
7304,1993
7305,997
7306,1996
7307,1994
7308,997
7309,1999
7310,1992
7311,1993
7312,997
7313,1994
7314,998
7315,1994
7316,998
7317,1994
7318,998
7319,1994
7320,998
7321,1995
7322,1995
7323,1995
7324,2017
7325,1013
7326,1956
7327,1011
7328,2004
7329,1985
7330,994
7331,1987
7332,1994
7333,1993
7334,999
7335,1994
7336,1995
7337,997
7338,1994
7339,998
7340,1995
7341,1994
7342,1995
7343,998
7344,1994
7345,997
7346,1995
7347,1994
7348,998
7349,1994
7350,1997
7351,996
7352,1993
7353,1996
7354,998
7355,1994
7356,997
7357,1995
7358,997
7359,997
7360,1995
7361,1993
7362,1994
7363,998
7364,1995
7365,1994
7366,997
7367,1995
7368,997
7369,1995
7370,1995
7371,2013
7372,1977
7373,997
7374,1996
7375,1022
7376,1970
7377,1994
7378,1994
7379,1996
7380,997
7381,1994
7382,2008
7383,984
7384,1996
7385,1993
7386,997
7387,2011
7388,982
7389,1994
7390,1994
7391,1997
7392,1023
7393,1967
7394,1995
7395,997
7396,1996
7397,1025
7398,2009
7399,1952
7400,1995
7401,1994
7402,997
7403,1994
7404,998
7405,1994
7406,999
7407,1993
7408,1996
7409,996
7410,1995
7411,998
7412,1995
7413,1994
7414,997
7415,1994
7416,1995
7417,2995
7418,1992
7419,1995
7420,1998
7421,1991
7422,1995
7423,1994
7424,1994
7425,1995
7426,1997
7427,997
7428,1993
7429,1996
7430,1993
7431,1996
7432,998
7433,1995
7434,1994
7435,2022
7436,970
7437,1996
7438,1993
7439,1995
7440,1011
7441,1984
7442,1993
7443,1996
7444,1993
7445,2991
7446,996
7447,1997
7448,1993
7449,1994
7450,1996
7451,1993
7452,998
7453,1994
7454,998
7455,1995
7456,1994
7457,1996
7458,2011
7459,981
7460,1994
7461,1994
7462,1995
7463,997
7464,1995
7465,997
7466,1995
7467,1995
7468,997
7469,1997
7470,1994
7471,997
7472,1994
7473,1995
7474,997
7475,1995
7476,1995
7477,997
7478,2992
7479,1998
7480,1995
7481,1992
7482,997
7483,1995
7484,1993
7485,1995
7486,997
7487,2028
7488,2003
7489,1953
7490,998
7491,1998
7492,2000
7493,988
7494,1995
7495,1995
7496,1996
7497,1994
7498,997
7499,1995
7500,997
7501,1995
7502,1995
7503,997
7504,1995
7505,1994
7506,998
7507,1994
7508,1993
7509,998
7510,1994
7511,997
7512,1995
7513,998
7514,1995
7515,2992
7516,997
7517,1994
7518,998
7519,1994
7520,999
7521,997
7522,1995
7523,997
7524,1995
7525,2994
7526,1994
7527,1993
7528,998
7529,1994
7530,997
7531,1998
7532,1994
7533,1993
7534,1996
7535,1994
7536,1995
7537,1994
7538,997
7539,1995
7540,1995
7541,997
7542,1996
7543,2996
7544,992
7545,1995
7546,1994
7547,1004
7548,1988
7549,1994
7550,997
7551,1995
7552,1997
7553,1993
7554,1994
7555,997
7556,1995
7557,997
7558,1995
7559,2001
7560,2987
7561,1996
7562,1993
7563,1994
7564,1995
7565,997
7566,1994
7567,1996
7568,1994
7569,1995
7570,1994
7571,2010
7572,1985
7573,993
7574,1994
7575,1995
7576,1995
7577,996
7578,1995
7579,1995
7580,1996
7581,997
7582,1995
7583,1994
7584,998
7585,1995
7586,1994
7587,1995
7588,1998
7589,1990
7590,997
7591,1994
7592,1995
7593,1995
7594,1996
7595,996
7596,1994
7597,2014
7598,1977
7599,998
7600,1994
7601,1995
7602,998
7603,2993
7604,1993
7605,998
7606,1994
7607,1994
7608,1995
7609,997
7610,1994
7611,1995
7612,1996
7613,1995
7614,2026
7615,965
7616,1994
7617,1995
7618,1996
7619,1993
7620,1994
7621,1995
7622,997
7623,1995
7624,1994
7625,1995
7626,1996
7627,1996
7628,1020
7629,1970
7630,1995
7631,1994
7632,997
7633,1995
7634,1994
7635,998
7636,3991
7637,1997
7638,1991
7639,2994
7640,1994
7641,997
7642,1995
7643,2993
7644,1994
7645,1994
7646,1995
7647,1995
7648,1992
7649,1995
7650,1996
7651,1998
7652,3003
7653,2977
7654,1996
7655,1995
7656,997
7657,2993
7658,2003
7659,1986
7660,2990
7661,1994
7662,1995
7663,1994
7664,2997
7665,2988
7666,2992
7667,1995
7668,2998
7669,2985
7670,3992
7671,7978
7672,1993
7673,1998
7674,1993
7675,998
7676,1994
7677,4987
7678,1993
7679,998
7680,2992
7681,997
7682,1993
7683,1995
7684,2995
7685,1992
7686,1995
7687,1995
7688,1995
7689,1994
7690,1995
7691,1996
7692,3989
7693,1995
7694,1994
7695,1994
7696,2992
7697,997
7698,2993
7699,2991
7700,1000
7701,1995
7702,1995
7703,1993
7704,1995
7705,2992
7706,2995
7707,1992
7708,1995
7709,1994
7710,1994
7711,1995
7712,1996
7713,1995
7714,2992
7715,1993
7716,1994
7717,1995
7718,1994
7719,1996
7720,1995
7721,1994
7722,2993
7723,2991
7724,1994
7725,1995
7726,997
7727,998
7728,1994
7729,1995
7730,1995
7731,1994
7732,1995
7733,1994
7734,997
7735,1995
7736,1996
7737,1993
7738,1996
7739,1994
7740,1994
7741,997
7742,1995
7743,1996
7744,1994
7745,1995
7746,1995
7747,997
7748,1994
7749,1995
7750,1994
7751,1995
7752,997
7753,1995
7754,1995
7755,1994
7756,1995
7757,1995
7758,1996
7759,996
7760,1994
7761,1995
7762,1995
7763,997
7764,1994
7765,1995
7766,1996
7767,1994
7768,997
7769,1995
7770,2991
7771,1996
7772,1994
7773,1995
7774,1996
7775,1994
7776,996
7777,1995
7778,1995
7779,1994
7780,1995
7781,1994
7782,1995
7783,1995
7784,1994
7785,999
7786,1995
7787,2001
7788,1987
7789,997
7790,1994
7791,1995
7792,1995
7793,1997
7794,997
7795,1994
7796,1994
7797,1996
7798,1994
7799,997
7800,2993
7801,1993
7802,1995
7803,1997
7804,1991
7805,1995
7806,1994
7807,1996
7808,996
7809,1995
7810,2994
7811,1995
7812,1992
7813,1995
7814,1994
7815,998
7816,1995
7817,1995
7818,997
7819,1996
7820,2992
7821,997
7822,1994
7823,1996
7824,1995
7825,997
7826,1995
7827,1994
7828,1994
7829,1994
7830,1994
7831,997
7832,1995
7833,1995
7834,1995
7835,1995
7836,1994
7837,1996
7838,1993
7839,1995
7840,1995
7841,1994
7842,998
7843,1994
7844,1995
7845,1994
7846,1997
7847,1993
7848,1994
7849,1996
7850,997
7851,1994
7852,1995
7853,1995
7854,2013
7855,1977
7856,1995
7857,1993
7858,1995
7859,1995
7860,998
7861,1994
7862,1994
7863,1995
7864,1995
7865,1994
7866,1995
7867,997
7868,1995
7869,1996
7870,996
7871,1995
7872,2992
7873,1995
7874,997
7875,1994
7876,1995
7877,2013
7878,980
7879,2002
7880,1988
7881,2991
7882,1994
7883,999
7884,1993
7885,1995
7886,1994
7887,998
7888,1994
7889,1996
7890,2992
7891,1994
7892,998
7893,1994
7894,1995
7895,1994
7896,997
7897,1997
7898,1993
7899,2991
7900,998
7901,1996
7902,1994
7903,1995
7904,996
7905,2994
7906,1994
7907,1994
7908,1995
7909,997
7910,1997
7911,1993
7912,1994
7913,1012
7914,2977
7915,997
7916,1995
7917,1997
7918,1994
7919,1993
7920,1994
7921,1996
7922,1996
7923,998
7924,2006
7925,1981
7926,1997
7927,1994
7928,1994
7929,998
7930,1994
7931,1995
7932,1995
7933,1994
7934,1995
7935,1995
7936,1994
7937,997
7938,1995
7939,1995
7940,1994
7941,1994
7942,998
7943,2991
7944,1994
7945,998
7946,1995
7947,1994
7948,2994
7949,1994
7950,1995
7951,1996
7952,1992
7953,1994
7954,1995
7955,1995
7956,2994
7957,1994
7958,2993
7959,2990
7960,1994
7961,1995
7962,2992
7963,2991
7964,1997
7965,1994
7966,1997
7967,2991
7968,1993
7969,1995
7970,1994
7971,1995
7972,1994
7973,1995
7974,1997
7975,1994
7976,2992
7977,1993
7978,1995
7979,997
7980,1995
7981,1994
7982,1996
7983,3022
7984,1964
7985,1995
7986,1994
7987,1997
7988,1994
7989,1993
7990,1996
7991,1993
7992,1996
7993,1994
7994,1995
7995,1994
7996,1994
7997,998
7998,2993
7999,1994
8000,1996
8001,996
8002,1983
8003,1995
8004,1994
8005,998
8006,1995
8007,1995
8008,3990
8009,3015
8010,1970
8011,1995
8012,1995
8013,1994
8014,3991
8015,1993
8016,1994
8017,1995
8018,997
8019,1996
8020,1994
8021,1995
8022,2996
8023,1991
8024,2993
8025,5009
8026,1977
8027,3999
8028,3991
8029,2975
8030,1996
8031,1993
8032,1994
8033,4004
8034,2991
8035,2979
8036,1995
8037,1993
8038,1996
8039,2995
8040,2989
8041,1994
8042,998
8043,1995
8044,1998
8045,1991
8046,1995
8047,1994
8048,2992
8049,1995
8050,997
8051,1995
8052,1994
8053,1996
8054,2004
8055,1984
8056,1995
8057,1994
8058,2002
8059,1988
8060,1994
8061,998
8062,2994
8063,2992
8064,1993
8065,1994
8066,1995
8067,1995
8068,1994
8069,998
8070,2994
8071,1995
8072,1992
8073,2012
8074,1977
8075,1994
8076,1995
8077,997
8078,2995
8079,1994
8080,1995
8081,1993
8082,998
8083,1994
8084,1994
8085,1995
8086,1996
8087,1995
8088,1994
8089,2992
8090,1994
8091,997
8092,1995
8093,1995
8094,1995
8095,1994
8096,1994
8097,1996
8098,1995
8099,1994
8100,997
8101,1995
8102,1994
8103,1995
8104,1994
8105,1995
8106,2993
8107,1994
8108,1995
8109,1994
8110,1996
8111,1993
8112,998
8113,1996
8114,2991
8115,1995
8116,1994
8117,1995
8118,2994
8119,4016
8120,1966
8121,4989
8122,2990
8123,1995
8124,1994
8125,1994
8126,1995
8127,997
8128,3993
8129,2989
8130,1995
8131,2992
8132,2960
8133,3990
8134,1999
8135,2988
8136,2992
8137,3989
8138,1996
8139,3989
8140,2992
8141,2995
8142,4991
8143,1986
8144,2992
8145,3992
8146,2990
8147,4988
8148,1993
8149,4014
8150,1969
8151,2995
8152,4988
8153,1991
8154,4988
8155,3989
8156,1993
8157,1997
8158,1992
8159,1995
8160,4989
8161,1993
8162,2993
8163,2995
8164,2994
8165,3984
8166,1995
8167,2993
8168,3034
8169,2947
8170,1995
8171,4988
8172,1994
8173,2995
8174,1994
8175,7991
8176,2978
8177,2992
8178,3988
8179,1995
8180,4987
8181,1996
8182,2992
8183,1994
8184,3002
8185,6973
8186,2991
8187,2997
8188,4981
8189,3989
8190,2994
8191,2995
8192,2987
8193,4988
8194,3989
8195,2996
8196,1981
8197,1999
8198,1990
8199,997
8200,1995
8201,4991
8202,2990
8203,3048
8204,1937
8205,2992
8206,1994
8207,3992
8208,3987
8209,1997
8210,1993
8211,1994
8212,1995
8213,2991
8214,1995
8215,1995
8216,997
8217,3992
8218,1992
8219,1996
8220,2992
8221,1994
8222,1994
8223,2993
8224,1994
8225,1994
8226,1995
8227,1996
8228,1995
8229,1994
8230,1994
8231,1994
8232,1995
8233,1994
8234,1995
8235,1996
8236,2991
8237,1995
8238,1995
8239,1994
8240,1996
8241,1993
8242,999
8243,1994
8244,2996
8245,1992
8246,1997
8247,1991
8248,1996
8249,1994
8250,1996
8251,1994
8252,1990
8253,2989
8254,2991
8255,3989
8256,1995
8257,1994
8258,2992
8259,4009
8260,1976
8261,2991
8262,1994
8263,1996
8264,3033
8265,1954
8266,2991
8267,1995
8268,997
8269,2991
8270,1995
8271,1995
8272,3990
8273,2991
8274,2991
8275,1995
8276,2994
8277,2991
8278,2993
8279,1993
8280,1998
8281,2990
8282,1994
8283,2993
8284,2990
8285,1996
8286,1995
8287,2991
8288,1994
8289,1994
8290,2993
8291,1997
8292,1994
8293,1994
8294,2991
8295,1995
8296,1994
8297,2992
8298,2993
8299,2991
8300,1995
8301,1996
8302,4018
8303,2963
8304,3990
8305,3988
8306,1994
8307,1994
8308,2993
8309,1995
8310,3990
8311,1994
8312,2994
8313,4010
8314,2979
8315,3980
8316,2000
8317,1990
8318,3989
8319,3992
8320,3987
8321,1995
8322,1993
8323,2994
8324,2992
8325,2961
8326,2990
8327,2993
8328,3990
8329,4986
8330,4005
8331,2977
8332,2991
8333,2994
8334,4984
8335,2994
8336,2990
8337,1995
8338,2994
8339,3989
8340,1994
8341,3990
8342,4020
8343,2961
8344,1995
8345,1996
8346,3988
8347,2992
8348,1996
8349,3988
8350,3995
8351,3985
8352,1994
8353,2991
8354,1999
8355,5981
8356,4011
8357,4973
8358,2984
8359,2992
8360,4986
8361,4014
8362,2968
8363,2994
8364,3987
8365,3990
8366,2992
8367,4021
8368,1960
8369,1996
8370,3991
8371,3019
8372,1941
8373,2993
8374,1994
8375,1995
8376,4003
8377,2978
8378,1994
8379,1996
8380,2991
8381,1995
8382,3990
8383,1994
8384,1995
8385,1994
8386,1995
8387,1995
8388,1995
8389,1995
8390,2992
8391,1993
8392,2993
8393,1993
8394,1996
8395,997
8396,2994
8397,1993
8398,1997
8399,1993
8400,1995
8401,1995
8402,2989
8403,1997
8404,1996
8405,2990
8406,1994
8407,2992
8408,1994
8409,1995
8410,1995
8411,2992
8412,2992
8413,1995
8414,1994
8415,1995
8416,1995
8417,1995
8418,1994
8419,2992
8420,1994
8421,1995
8422,1994
8423,1996
8424,1996
8425,2991
8426,1994
8427,1995
8428,1995
8429,1994
8430,1994
8431,1996
8432,1993
8433,1996
8434,1995
8435,2993
8436,1993
8437,1996
8438,1994
8439,1994
8440,1995
8441,1995
8442,1995
8443,2992
8444,1994
8445,1995
8446,1994
8447,1995
8448,998
8449,1996
8450,1993
8451,1995
8452,1996
8453,1993
8454,1995
8455,1994
8456,1995
8457,1995
8458,1995
8459,1994
8460,1994
8461,2992
8462,1995
8463,1994
8464,1997
8465,1993
8466,1997
8467,2990
8468,1994
8469,1995
8470,1994
8471,2997
8472,1990
8473,1995
8474,1995
8475,2991
8476,998
8477,1994
8478,1995
8479,2993
8480,2992
8481,1994
8482,1996
8483,1993
8484,2992
8485,1995
8486,1995
8487,1994
8488,2992
8489,1995
8490,2993
8491,1994
8492,1994
8493,2992
8494,1995
8495,1995
8496,2992
8497,1995
8498,1995
8499,1994
8500,2991
8501,1997
8502,1994
8503,1993
8504,2993
8505,1995
8506,1994
8507,1995
8508,1994
8509,1996
8510,1994
8511,1996
8512,1994
8513,1994
8514,1994
8515,1995
8516,1995
8517,1994
8518,1995
8519,1994
8520,1995
8521,1996
8522,1994
8523,1994
8524,1995
8525,1994
8526,1996
8527,2997
8528,1989
8529,1996
8530,2991
8531,1995
8532,1994
8533,997
8534,1996
8535,1996
8536,1994
8537,1994
8538,1995
8539,1995
8540,1995
8541,1994
8542,1994
8543,1995
8544,1995
8545,1995
8546,1995
8547,1994
8548,1994
8549,1995
8550,1995
8551,1995
8552,1995
8553,2993
8554,1993
8555,1994
8556,1995
8557,1994
8558,1996
8559,997
8560,2992
8561,1996
8562,1993
8563,1995
8564,1996
8565,1993
8566,1995
8567,1994
8568,1995
8569,3990
8570,1995
8571,2993
8572,1994
8573,1994
8574,2992
8575,3993
8576,1993
8577,1993
8578,2994
8579,1994
8580,996
8581,2993
8582,2992
8583,1994
8584,1994
8585,1995
8586,1994
8587,1994
8588,1995
8589,1996
8590,2992
8591,1994
8592,1994
8593,1994
8594,998
8595,1995
8596,2993
8597,1994
8598,1995
8599,1994
8600,1995
8601,1995
8602,1995
8603,1994
8604,1996
8605,2992
8606,1994
8607,1994
8608,1994
8609,1995
8610,1995
8611,2992
8612,1994
8613,1995
8614,1995
8615,1995
8616,1994
8617,1994
8618,998
8619,2993
8620,2991
8621,1994
8622,1996
8623,1993
8624,2034
8625,1958
8626,1993
8627,1995
8628,1995
8629,2002
8630,2986
8631,1993
8632,1996
8633,1993
8634,1997
8635,1994
8636,1995
8637,997
8638,2992
8639,1994
8640,998
8641,1994
8642,3992
8643,1991
8644,2029
8645,1961
8646,1995
8647,1994
8648,1996
8649,1994
8650,1993
8651,1995
8652,1994
8653,1996
8654,1994
8655,1994
8656,998
8657,1994
8658,1996
8659,1994
8660,1995
8661,1994
8662,1995
8663,1995
8664,1994
8665,1995
8666,1995
8667,1994
8668,1995
8669,1995
8670,1994
8671,2005
8672,1985
8673,998
8674,2993
8675,1994
8676,1995
8677,997
8678,1995
8679,1994
8680,3002
8681,1992
8682,1987
8683,1999
8684,1990
8685,1995
8686,2001
8687,1988
8688,1995
8689,1995
8690,1996
8691,1994
8692,1995
8693,1994
8694,1995
8695,1995
8696,1993
8697,1994
8698,1995
8699,1995
8700,1994
8701,1995
8702,997
8703,1995
8704,1995
8705,1995
8706,1996
8707,1994
8708,1994
8709,1995
8710,998
8711,1994
8712,1995
8713,1994
8714,2993
8715,1994
8716,1995
8717,997
8718,1995
8719,1997
8720,1994
8721,1995
8722,1994
8723,1993
8724,1995
8725,1995
8726,1994
8727,1995
8728,1995
8729,1995
8730,1998
8731,1993
8732,1994
8733,1994
8734,1994
8735,1995
8736,1995
8737,1995
8738,2994
8739,2990
8740,1994
8741,1995
8742,997
8743,1995
8744,2008
8745,2980
8746,2992
8747,1995
8748,2001
8749,1986
8750,2026
8751,1964
8752,997
8753,3989
8754,1995
8755,1995
8756,2021
8757,1988
8758,1975
8759,1994
8760,1995
8761,1994
8762,2994
8763,1994
8764,1995
8765,997
8766,1995
8767,1995
8768,1994
8769,1994
8770,2992
8771,1995
8772,1995
8773,1025
8774,1003
8775,1952
8776,2994
8777,1993
8778,1995
8779,1995
8780,1995
8781,1994
8782,1993
8783,1995
8784,1997
8785,1994
8786,1993
8787,1994
8788,1995
8789,1995
8790,1994
8791,1995
8792,1995
8793,1994
8794,2025
8795,1966
8796,1994
8797,1995
8798,1995
8799,1994
8800,1994
8801,1995
8802,1997
8803,2991
8804,998
8805,1994
8806,1994
8807,2993
8808,1993
8809,2995
8810,1994
8811,2992
8812,997
8813,1994
8814,1995
8815,2992
8816,2990
8817,2033
8818,1957
8819,2994
8820,2000
8821,1988
8822,2001
8823,1988
8824,1995
8825,2992
8826,1994
8827,1996
8828,1997
8829,2988
8830,1995
8831,1994
8832,1995
8833,1997
8834,1994
8835,1995
8836,1995
8837,1993
8838,2992
8839,1994
8840,2994
8841,1995
8842,2990
8843,1995
8844,1994
8845,1994
8846,1995
8847,1995
8848,1995
8849,1994
8850,1995
8851,1995
8852,1995
8853,1996
8854,1993
8855,1995
8856,1995
8857,1995
8858,1996
8859,1995
8860,1993
8861,1995
8862,1995
8863,1994
8864,1994
8865,1994
8866,1997
8867,2991
8868,998
8869,1995
8870,2009
8871,1980
8872,2991
8873,2020
8874,2969
8875,1992
8876,1994
8877,1995
8878,1994
8879,1995
8880,2003
8881,2985
8882,1995
8883,997
8884,1995
8885,1995
8886,1995
8887,2991
8888,3005
8889,2978
8890,1995
8891,2991
8892,1995
8893,1995
8894,3991
8895,1993
8896,2992
8897,2992
8898,2992
8899,2992
8900,1995
8901,2992
8902,1994
8903,2993
8904,1994
8905,2992
8906,2993
8907,1995
8908,1993
8909,2994
8910,1995
8911,1992
8912,1997
8913,2991
8914,3988
8915,2993
8916,2991
8917,2992
8918,2994
8919,1994
8920,2992
8921,2991
8922,3002
8923,2982
8924,2993
8925,1995
8926,2991
8927,1995
8928,1994
8929,2992
8930,1995
8931,2992
8932,2992
8933,2992
8934,1994
8935,1995
8936,1995
8937,1996
8938,2991
8939,1996
8940,1993
8941,1994
8942,1995
8943,2992
8944,1996
8945,2991
8946,1995
8947,1994
8948,1996
8949,2991
8950,1995
8951,1995
8952,1994
8953,1997
8954,2989
8955,1995
8956,1995
8957,2992
8958,1995
8959,2992
8960,1994
8961,2991
8962,2993
8963,2992
8964,2992
8965,2993
8966,1994
8967,1995
8968,1994
8969,1995
8970,1995
8971,1997
8972,1992
8973,1995
8974,2992
8975,1995
8976,1994
8977,997
8978,1995
8979,2994
8980,2991
8981,1994
8982,2993
8983,1993
8984,1995
8985,1994
8986,1996
8987,2991
8988,1995
8989,1995
8990,1995
8991,1994
8992,1994
8993,2996
8994,1997
8995,2988
8996,1994
8997,2991
8998,1994
8999,1996
9000,1993
9001,2993
9002,2018
9003,2969
9004,1996
9005,2991
9006,2992
9007,1994
9008,1994
9009,1995
9010,2994
9011,1994
9012,2994
9013,2990
9014,2993
9015,5986
9016,2992
9017,4983
9018,1994
9019,1996
9020,1993
9021,2998
9022,2988
9023,2992
9024,4013
9025,1972
9026,1993
9027,3999
9028,1985
9029,1993
9030,2993
9031,1995
9032,1996
9033,1993
9034,4009
9035,2973
9036,1994
9037,1996
9038,2992
9039,1995
9040,3990
9041,1993
9042,1995
9043,997
9044,2998
9045,1988
9046,2993
9047,1998
9048,2989
9049,1993
9050,2994
9051,4027
9052,2955
9053,3994
9054,3983
9055,2992
9056,1994
9057,2994
9058,2005
9059,3991
9060,1996
9061,3018
9062,4955
9063,3009
9064,2980
9065,2989
9066,3005
9067,4007
9068,2961
9069,3991
9070,3989
9071,3987
9072,2992
9073,3991
9074,1997
9075,2994
9076,6978
9077,2991
9078,2994
9079,1991
9080,6982
9081,5008
9082,2970
9083,1996
9084,4986
9085,7978
9086,2996
9087,5011
9088,2964
9089,1995
9090,3990
9091,3988
9092,1994
9093,1995
9094,2993
9095,1996
9096,3988
9097,2992
9098,2993
9099,4007
9100,2973
9101,3992
9102,2992
9103,3987
9104,1994
9105,1995
9106,3991
9107,4024
9108,2958
9109,1992
9110,1994
9111,1996
9112,2993
9113,2990
9114,1995
9115,1994
9116,2992
9117,1995
9118,1994
9119,2994
9120,2991
9121,1994
9122,1995
9123,1994
9124,1996
9125,2992
9126,1995
9127,1993
9128,1995
9129,1994
9130,1995
9131,1995
9132,1994
9133,3991
9134,2993
9135,2996
9136,2986
9137,2992
9138,1996
9139,3990
9140,2995
9141,2987
9142,1994
9143,1994
9144,1996
9145,2993
9146,2991
9147,1994
9148,1995
9149,1994
9150,1995
9151,1996
9152,2991
9153,2992
9154,1995
9155,1994
9156,1995
9157,1995
9158,2993
9159,1993
9160,2992
9161,1996
9162,1994
9163,1995
9164,1996
9165,1994
9166,2992
9167,1994
9168,2993
9169,1994
9170,1995
9171,1995
9172,2992
9173,2993
9174,2990
9175,1996
9176,1994
9177,1994
9178,2992
9179,1995
9180,1995
9181,2994
9182,2989
9183,1995
9184,1995
9185,1995
9186,1994
9187,2992
9188,1995
9189,1995
9190,1994
9191,2992
9192,2993
9193,2011
9194,1978
9195,2991
9196,2005
9197,1994
9198,2985
9199,1994
9200,1996
9201,2990
9202,2992
9203,2992
9204,1993
9205,1997
9206,1994
9207,1995
9208,2991
9209,1995
9210,1992
9211,2994
9212,1994
9213,1996
9214,1994
9215,2992
9216,1993
9217,1996
9218,2993
9219,2991
9220,1995
9221,2999
9222,2984
9223,3989
9224,2991
9225,2994
9226,1995
9227,2990
9228,2991
9229,1997
9230,2033
9231,2953
9232,1996
9233,1993
9234,1995
9235,2991
9236,2994
9237,2991
9238,2993
9239,1995
9240,2991
9241,1994
9242,2993
9243,1994
9244,1996
9245,1995
9246,2990
9247,2000
9248,1990
9249,2992
9250,1994
9251,2009
9252,1981
9253,2990
9254,1996
9255,1995
9256,2997
9257,2989
9258,2022
9259,1966
9260,1995
9261,1998
9262,1990
9263,2993
9264,3004
9265,1997
9266,1980
9267,1994
9268,1993
9269,2993
9270,1996
9271,1995
9272,1994
9273,1995
9274,1994
9275,1996
9276,2996
9277,2986
9278,1995
9279,1995
9280,1994
9281,2992
9282,1995
9283,2994
9284,2993
9285,1994
9286,1994
9287,1995
9288,1994
9289,1994
9290,2993
9291,2993
9292,2989
9293,2007
9294,1983
9295,1997
9296,1994
9297,2990
9298,2993
9299,1995
9300,1997
9301,1992
9302,2991
9303,1995
9304,1996
9305,2992
9306,1995
9307,2992
9308,1993
9309,1995
9310,1996
9311,3988
9312,2992
9313,1994
9314,1995
9315,2992
9316,1994
9317,1995
9318,2994
9319,2010
9320,1978
9321,1995
9322,2992
9323,1994
9324,2992
9325,1997
9326,2991
9327,1995
9328,2019
9329,1986
9330,2976
9331,1994
9332,2991
9333,1996
9334,1994
9335,1996
9336,2027
9337,2990
9338,1964
9339,1995
9340,1995
9341,1993
9342,2991
9343,1995
9344,1994
9345,1996
9346,2993
9347,1994
9348,1995
9349,1995
9350,1995
9351,1994
9352,2992
9353,1994
9354,1996
9355,1994
9356,2991
9357,1995
9358,1995
9359,1996
9360,2990
9361,1995
9362,1995
9363,2032
9364,1957
9365,1996
9366,2991
9367,2021
9368,1968
9369,2010
9370,1979
9371,2993
9372,1995
9373,1995
9374,3012
9375,1991
9376,1977
9377,1995
9378,2007
9379,2978
9380,1997
9381,2991
9382,2027
9383,1963
9384,1994
9385,2992
9386,1996
9387,1995
9388,2991
9389,1995
9390,1995
9391,1994
9392,1995
9393,1994
9394,2992
9395,1995
9396,2991
9397,1996
9398,1994
9399,1995
9400,1994
9401,2993
9402,2991
9403,1994
9404,1994
9405,1995
9406,1995
9407,1996
9408,4989
9409,1993
9410,1994
9411,1995
9412,1995
9413,1994
9414,2992
9415,2993
9416,2992
9417,1994
9418,1995
9419,1998
9420,2010
9421,2971
9422,2996
9423,2990
9424,2990
9425,1995
9426,1994
9427,3992
9428,2990
9429,2992
9430,2992
9431,2992
9432,2994
9433,2990
9434,2992
9435,1994
9436,2992
9437,2992
9438,2992
9439,2993
9440,2992
9441,1994
9442,2992
9443,2993
9444,1995
9445,2991
9446,2991
9447,2993
9448,1994
9449,3001
9450,2986
9451,1993
9452,2993
9453,1994
9454,1995
9455,1994
9456,1996
9457,1992
9458,1996
9459,2991
9460,1995
9461,1995
9462,1994
9463,1995
9464,1993
9465,1995
9466,1996
9467,1993
9468,1995
9469,1995
9470,1994
9471,1995
9472,1995
9473,1994
9474,2993
9475,1994
9476,1995
9477,1994
9478,2992
9479,1996
9480,1994
9481,1995
9482,1995
9483,1995
9484,3989
9485,2992
9486,1995
9487,1994
9488,2992
9489,1994
9490,1994
9491,1996
9492,3003
9493,2012
9494,1967
9495,1994
9496,1996
9497,2992
9498,1994
9499,1995
9500,2991
9501,1994
9502,1995
9503,2991
9504,1996
9505,2994
9506,1993
9507,1995
9508,1995
9509,1994
9510,1994
9511,2994
9512,1994
9513,3988
9514,1994
9515,1995
9516,1994
9517,3000
9518,1988
9519,2992
9520,1995
9521,1994
9522,1995
9523,1994
9524,2993
9525,2993
9526,1993
9527,2994
9528,1993
9529,1995
9530,1994
9531,2992
9532,1994
9533,2992
9534,1995
9535,2993
9536,2997
9537,2986
9538,2993
9539,2000
9540,2995
9541,2983
9542,1998
9543,2989
9544,2992
9545,2991
9546,1996
9547,2991
9548,1994
9549,1995
9550,2993
9551,1994
9552,2992
9553,1994
9554,2995
9555,1995
9556,2990
9557,2995
9558,1996
9559,2990
9560,1994
9561,2990
9562,1994
9563,3989
9564,1995
9565,2992
9566,1994
9567,2993
9568,1994
9569,2995
9570,2990
9571,1995
9572,1995
9573,1994
9574,2991
9575,1998
9576,1994
9577,2991
9578,1994
9579,1996
9580,1993
9581,2992
9582,1995
9583,1996
9584,2992
9585,1992
9586,2993
9587,1994
9588,1995
9589,1997
9590,1994
9591,2990
9592,1996
9593,1995
9594,1995
9595,1994
9596,2992
9597,1994
9598,1995
9599,2992
9600,1996
9601,1994
9602,2993
9603,2991
9604,2993
9605,2000
9606,3985
9607,1994
9608,3005
9609,1981
9610,1994
9611,2003
9612,3018
9613,1960
9614,2022
9615,1968
9616,1994
9617,2992
9618,1999
9619,1990
9620,2993
9621,1994
9622,2993
9623,2991
9624,2992
9625,2992
9626,2992
9627,1994
9628,2992
9629,1995
9630,1995
9631,2031
9632,2955
9633,3013
9634,1973
9635,1998
9636,2991
9637,1994
9638,1995
9639,1995
9640,2993
9641,1994
9642,2991
9643,1994
9644,1995
9645,1994
9646,2993
9647,1996
9648,3005
9649,1981
9650,1993
9651,1995
9652,2992
9653,2005
9654,2003
9655,2973
9656,2014
9657,1976
9658,2999
9659,1988
9660,2029
9661,1968
9662,2984
9663,1995
9664,1994
9665,3004
9666,1983
9667,1995
9668,2992
9669,2992
9670,2996
9671,1989
9672,2993
9673,1994
9674,4028
9675,1957
9676,2992
9677,1995
9678,1995
9679,1994
9680,2026
9681,2960
9682,1995
9683,2992
9684,1995
9685,1995
9686,1994
9687,2991
9688,2995
9689,1993
9690,1995
9691,1995
9692,1994
9693,1995
9694,1995
9695,2993
9696,2991
9697,1995
9698,1994
9699,1995
9700,1994
9701,1995
9702,3003
9703,1984
9704,2991
9705,1995
9706,2010
9707,1979
9708,2992
9709,1995
9710,2992
9711,1995
9712,1994
9713,2992
9714,1994
9715,1996
9716,2993
9717,2990
9718,2002
9719,1989
9720,1994
9721,1995
9722,2993
9723,2008
9724,1981
9725,2992
9726,1993
9727,2004
9728,2983
9729,1995
9730,2992
9731,2992
9732,3007
9733,1979
9734,2018
9735,1973
9736,2992
9737,1993
9738,2993
9739,1993
9740,1994
9741,2992
9742,1995
9743,2994
9744,1995
9745,1994
9746,2991
9747,1995
9748,1995
9749,2992
9750,1994
9751,1994
9752,2994
9753,1994
9754,1994
9755,2993
9756,1994
9757,1995
9758,2992
9759,1996
9760,1994
9761,2992
9762,1994
9763,2018
9764,2969
9765,1994
9766,1996
9767,2991
9768,1994
9769,2006
9770,2981
9771,1995
9772,2016
9773,2970
9774,1995
9775,1994
9776,2993
9777,2015
9778,1974
9779,1995
9780,1996
9781,2990
9782,1995
9783,2992
9784,2005
9785,2994
9786,1982
9787,1994
9788,2993
9789,1995
9790,1994
9791,2992
9792,1995
9793,2022
9794,1967
9795,2027
9796,2960
9797,2992
9798,2023
9799,1966
9800,1995
9801,1995
9802,2991
9803,2993
9804,1994
9805,1995
9806,2992
9807,1994
9808,1994
9809,1995
9810,2995
9811,1994
9812,1994
9813,2992
9814,1995
9815,1994
9816,1994
9817,2999
9818,1989
9819,2991
9820,1994
9821,1995
9822,1995
9823,2993
9824,2992
9825,2029
9826,1959
9827,1995
9828,1994
9829,2006
9830,1984
9831,2991
9832,3991
9833,1993
9834,1994
9835,1994
9836,2993
9837,1995
9838,2994
9839,1993
9840,2992
9841,1994
9842,1995
9843,2993
9844,1994
9845,2991
9846,2994
9847,1993
9848,1998
9849,2991
9850,2990
9851,2993
9852,1994
9853,2991
9854,1995
9855,1994
9856,1996
9857,2991
9858,1995
9859,2992
9860,1995
9861,1994
9862,2992
9863,3018
9864,1970
9865,2992
9866,1995
9867,1995
9868,1994
9869,2992
9870,1993
9871,1995
9872,2994
9873,2994
9874,1991
9875,2011
9876,2976
9877,1996
9878,1994
9879,2991
9880,1994
9881,1995
9882,2992
9883,1996
9884,2991
9885,1995
9886,2992
9887,2010
9888,1979
9889,2993
9890,1994
9891,1995
9892,2993
9893,1995
9894,2022
9895,2963
9896,2017
9897,2010
9898,2955
9899,1994
9900,1994
9901,2992
9902,1995
9903,2996
9904,2993
9905,1992
9906,2992
9907,2989
9908,3991
9909,2992
9910,2991
9911,2992
9912,2993
9913,1995
9914,3987
9915,2992
9916,1997
9917,3988
9918,1994
9919,2995
9920,2992
9921,1994
9922,2992
9923,1995
9924,2990
9925,2993
9926,3004
9927,2979
9928,2992
9929,2992
9930,2991
9931,1995
9932,2992
9933,2992
9934,1996
9935,2992
9936,2994
9937,2992
9938,1991
9939,2993
9940,1994
9941,2993
9942,2997
9943,2988
9944,1995
9945,1994
9946,2008
9947,2978
9948,1995
9949,5984
9950,2991
9951,1995
9952,1995
9953,1994
9954,2993
9955,2993
9956,2992
9957,2018
9958,1970
9959,1995
9960,2992
9961,2993
9962,1994
9963,2991
9964,1995
9965,1996
9966,2991
9967,2992
9968,2997
9969,1990
9970,1995
9971,1994
9972,2992
9973,1995
9974,3003
9975,1982
9976,2992
9977,1995
9978,1995
9979,1994
9980,2995
9981,1992
9982,2994
9983,1993
9984,1995
9985,2992
9986,1995
9987,2993
9988,1995
9989,1993
9990,2993
9991,1994
9992,1994
9993,2995
9994,1993
9995,2991
9996,1994
9997,1994
9998,2993
9999,1995
10000,1996
