,year,sid,post,homicide,murder,robbery,assault,burglary,larceny,l_exp_pubwelfare,l_police,l_income,unemployrt,poverty,blackm_15_24,whitem_15_24,popwt
0,2000,1,0,7.5939784,6.5322065,131.61357,325.6178,930.92017,2940.6238,6.926083,5.8546085,10.711102,4.1,14.705981469769503,2.2222428,4.69481,4499293.0
1,2001,1,0,8.713443,7.4949403,128.3796,281.63504,934.3846,2758.69,6.974412,5.863135,10.675931,4.7,15.750203294509083,2.2499535,4.700201,4499293.0
2,2002,1,0,6.9332876,6.4069986,136.42331,274.6314,974.2757,2835.829,7.0387506,5.7413816,10.727071,5.4,15.556558810183741,2.258261,4.685461,4499293.0
3,2003,1,0,6.8180065,6.567177,137.6827,258.537,986.10266,2828.4238,7.1104236,5.853816,10.695688,5.5,15.447801660310034,2.292948,4.688166,4499293.0
4,2004,1,0,5.7536893,5.595123,136.86531,255.65407,1011.7885,2800.9592,7.0855193,5.792754,10.652069,5.1,16.252654002359012,2.2913275,4.661734,4499293.0
5,2005,1,0,8.418573,6.932943,145.1191,254.2004,978.55786,2718.7039,7.0059175,5.6622906,10.633232,3.9,16.87298173709831,2.3120463,4.635865,4499293.0
6,2006,1,0,8.001687,6.784039,153.42366,227.87415,968.9217,2645.123,6.9676113,5.832794,10.622327,3.6,16.167670139138036,2.2692394,4.483489,4499293.0
7,2007,1,1,8.54794,7.653896,161.40779,248.34819,989.11884,2711.616,6.9971676,5.8762283,10.700725,3.5,16.3587736322205,2.2898014,4.504067,4499293.0
8,2008,1,1,7.718328,7.264309,158.77704,254.89941,1089.1923,2734.0825,6.9110613,5.856899,10.715284,4.9,15.606913546509087,2.2850144,4.4733872,4499293.0
9,2009,1,1,6.9496,6.86327,135.21504,282.79694,1054.181,2548.302,7.0866895,5.900207,10.612508,9.9,17.378813647115702,2.2777638,4.4550176,4499293.0
10,2010,1,1,5.7427597,4.606829,100.15121,245.55031,884.21674,2428.7456,7.1459756,5.831543,10.620742,10.0,16.97416726,2.1828167,4.515513,4499293.0
11,2000,2,0,4.443837,3.9500775,80.647415,418.04987,641.723,2771.3086,7.5531344,5.683415,11.111104,6.2,8.631248734740767,0.3306544,4.9629436,651473.25
12,2001,2,0,6.335993,5.523686,83.505135,435.5589,624.98883,2712.2922,7.6233864,5.689826,11.165422,6.2,8.830911846844431,0.3614765,5.2216706,651473.25
13,2002,2,0,5.286327,5.4465184,78.33375,415.53732,626.02924,2841.6409,7.7115536,5.6953335,11.066013,7.1,9.440418292612598,0.3926299,5.3866067,651473.25
14,2003,2,0,6.192127,6.192127,70.81253,442.49896,615.08466,2866.0024,7.8120546,5.6619034,11.026011,7.7,10.022672712723393,0.38581717,5.5305223,651473.25
15,2004,2,0,5.8179483,5.6607065,70.28711,490.12286,593.2735,2540.871,7.8902493,5.6975317,11.059724,7.4,10.167258158100392,0.434302,5.875342,651473.25
16,2005,2,0,4.9865675,4.9865675,83.68083,481.0479,643.7347,2687.9158,7.8173127,5.657445,11.041673,6.9,10.766778241113002,0.4592317,6.0356164,651473.25
17,2006,2,0,5.3727093,5.2234674,89.39591,516.07855,615.17523,2588.452,7.7931113,5.666709,11.018793,6.7,10.614085751425634,0.43593568,5.839986,651473.25
18,2007,2,1,6.5013933,6.3536344,85.847946,496.6178,544.19617,2504.514,7.7396045,5.6311,11.101055,6.2,9.643634988134957,0.4484484,5.7454586,651473.25
19,2008,2,1,3.96339,3.96339,94.534195,493.66223,474.43246,2236.3796,7.694469,5.663492,11.07903,6.9,9.082181626017453,0.47957018,5.7294474,651473.25
20,2009,2,1,3.220414,3.220414,95.73412,473.54724,526.9768,2232.4788,7.764343,5.6678033,11.044856,8.3,9.068246426072472,0.4144087,5.3245153,651473.25
21,2010,2,1,4.4278564,4.4278564,84.843445,482.63638,443.49985,2218.9275,7.851979,5.6264315,10.971606,8.1,8.899277688,0.3390881,4.92092,651473.25
22,2000,3,0,7.1502805,7.2299495,149.45879,355.34305,1033.7434,3519.4717,6.641533,5.883233,10.827151,4.0,12.881698508320019,0.26902184,4.0020657,5802964.5
23,2001,3,0,7.6960464,7.657566,170.62134,344.18643,1054.7623,3595.0156,6.637799,5.8773594,10.870319,4.7,13.528552523783668,0.2697849,3.9276001,5802964.5
24,2002,3,0,7.238223,7.182113,149.62735,377.3602,1105.1289,3769.5059,6.8094916,5.8588862,10.782201,6.1,13.955462670219818,0.27604377,3.867437,5802964.5
25,2003,3,0,8.060915,8.042636,139.26556,342.21417,1071.3705,3632.4385,6.8782816,5.8425155,10.7955265,5.7,14.312328100075252,0.2804321,3.8021562,5802964.5
26,2004,3,0,7.3482466,7.2949986,137.04303,335.83618,1009.67395,3177.3535,6.9608974,5.8624873,10.831924,4.9,15.150647045072974,0.29112548,3.7395122,5802964.5
27,2005,3,0,7.633144,7.290081,147.15672,333.59412,966.20166,3020.8726,7.0762053,5.865528,10.830362,4.6,14.352746276526677,0.29832727,3.6536171,5802964.5
28,2006,3,0,8.530212,8.513995,153.5276,344.3546,953.04846,2874.1462,7.073736,5.8510466,10.828817,4.1,13.952491584118757,0.30230358,3.4848673,5802964.5
29,2007,3,1,8.923674,8.61484,158.57806,325.4784,963.7242,2864.8242,7.122257,5.885931,10.812734,3.8,14.240817271940411,0.3223738,3.5236807,5802964.5
30,2008,3,1,7.156422,7.09337,153.80003,297.44867,916.227,2669.4087,7.1432114,5.889329,10.768632,5.1,14.742340421239,0.32791862,3.4180114,5802964.5
31,2009,3,1,6.0080333,5.9764123,129.63123,273.04932,858.6428,2466.0764,7.2508726,5.892255,10.747079,8.6,16.849814185757324,0.3424579,3.3934796,5802964.5
32,2010,3,1,6.4452577,6.382223,109.317245,261.18265,800.0787,2420.7378,7.2804503,5.854319,10.763822,9.5,15.93302353,0.39063933,4.773304,5802964.5
33,2000,4,0,6.462801,6.462801,76.97658,341.87448,824.89197,2682.8318,6.8751,5.64795,10.5347595,4.2,15.193737853395973,1.4365499,5.412327,2732902.5
34,2001,4,0,5.6528745,5.385509,83.30351,342.57184,847.7784,2657.9968,6.9486294,5.662664,10.622741,4.7,16.00557953995532,1.452254,5.400214,2732902.5
35,2002,4,0,5.389305,5.199541,95.793,306.69702,881.6068,2699.5486,7.0782166,5.6694803,10.577758,5.3,16.546912763089182,1.4577692,5.364598,2732902.5
36,2003,4,0,6.792294,5.99986,84.03577,344.55798,943.9779,2568.2795,7.09824,5.6724567,10.543709,5.8,16.310561790629805,1.4745315,5.3504786,2732902.5
37,2004,4,0,6.5772953,6.203585,88.644,376.81174,1126.7728,2774.4973,7.164019,5.6783466,10.606139,5.7,15.866827710742518,1.4764906,5.2691607,2732902.5
38,2005,4,0,6.996292,6.7001524,93.7281,397.8262,1114.8906,2795.1853,7.178753,5.7121024,10.619887,5.1,17.093088811078278,1.4614476,5.1937656,2732902.5
39,2006,4,0,7.5065675,7.2575345,98.97285,404.03833,1154.446,2596.7031,7.156012,5.683826,10.598458,5.3,16.762093755959004,1.4322958,4.9646873,2732902.5
40,2007,4,0,7.1648736,6.986643,110.53867,374.6409,1136.185,2601.6333,7.2144036,5.708399,10.66658,5.4,17.235264153922873,1.441102,4.9834013,2732902.5
41,2008,4,0,5.7949567,5.7242866,97.383545,357.8386,1193.337,2455.1536,7.2076764,5.834732,10.598807,5.2,16.930460872204595,1.4364426,4.919954,2732902.5
42,2009,4,0,6.306941,6.0250664,90.76357,379.54395,1224.4978,2403.9663,7.2240677,5.861601,10.522477,7.1,18.28752110094523,1.4272712,4.8605375,2732902.5
43,2010,4,0,4.7624454,4.5553827,81.85884,376.6128,1121.97,2268.0283,7.281892,5.8402414,10.560256,7.7,17.8843975,1.3095,5.0557156,2732902.5
44,2000,5,0,6.2901087,6.2901087,182.28607,418.78992,672.5575,1972.2168,7.2422085,5.749037,10.989926,4.9,13.024696860034707,0.50634015,2.8180654,35311970.0
45,2001,5,0,6.5495877,6.5495877,191.8382,404.04068,689.6158,2071.5789,7.2165027,5.751651,10.971726,5.4,13.117108262578139,0.508365,2.826239,35311970.0
46,2002,5,0,6.9839587,6.9839587,189.45045,381.4991,695.2699,2086.9993,7.325587,5.8049126,10.959401,6.7,13.549932870887362,0.5075603,2.8089104,35311970.0
47,2003,5,0,6.9464707,6.9406986,184.03674,373.3836,699.1895,2111.0286,7.4132695,5.7979703,10.9758415,6.9,13.956737946632519,0.50739825,2.7859185,35311970.0
48,2004,5,0,6.8235188,6.826371,176.20197,329.19485,701.47314,2078.6829,7.3423448,5.771945,10.947574,6.2,13.355055438665394,0.5119037,2.7795029,35311970.0
49,2005,5,0,7.0949187,7.0949187,180.34076,325.0142,710.11835,1962.8435,7.4175344,5.7519774,10.964779,5.4,13.234747880084702,0.52120584,2.7950153,35311970.0
50,2006,5,0,6.829861,6.8134036,194.95003,306.178,676.9051,1831.5,7.3619747,5.7618527,10.999112,4.9,12.855241585220115,0.51091474,2.6979296,35311970.0
51,2007,5,0,6.2319956,6.2319956,194.521,301.14603,653.57916,1798.2561,7.3980727,5.809924,10.978626,5.4,12.258258200789218,0.51793396,2.7152584,35311970.0
52,2008,5,0,5.881626,5.881626,190.5213,287.6093,652.75616,1786.2158,7.4228926,5.826383,10.963619,7.2,13.12849549345787,0.51740736,2.68379,35311970.0
53,2009,5,0,5.431231,5.431231,176.52327,275.84705,634.0053,1694.9242,7.4842234,5.8161464,10.951876,11.6,14.13618349210366,0.5203516,2.6675663,35311970.0
54,2010,5,0,4.8929396,4.8929396,157.19075,259.32578,619.0069,1624.3748,7.4541197,5.773167,10.905204,12.4,14.18773378,0.53340614,4.0739574,35311970.0
55,2000,6,0,3.1917636,3.0250297,72.26724,224.49532,646.2845,2687.8223,6.782578,5.775768,11.019891,2.7,9.166316128457526,0.31917635,5.1907125,4600371.5
56,2001,6,0,3.6618795,3.3374093,82.392296,228.2649,661.29376,2812.6943,6.851554,5.8625884,11.015904,3.8,8.846869463724678,0.32616222,5.240312,4600371.5
57,2002,6,0,4.0648017,3.8831344,81.27332,228.40097,719.3563,2842.9314,6.75921,5.8628645,10.977295,5.7,9.692439855129564,0.32968038,5.240937,4600371.5
58,2003,6,0,4.1592736,3.8445177,84.03981,223.04948,728.30005,2798.9888,6.821399,5.85009,10.988728,6.2,10.154428210037473,0.3282229,5.21456,4600371.5
59,2004,6,0,4.4680457,4.4013586,83.11454,249.76598,733.78204,2741.024,6.811012,5.838752,10.980825,5.6,10.376625140515594,0.34177217,5.2165656,4600371.5
60,2005,6,0,3.7919936,3.6385603,86.53636,270.72205,761.5989,2796.913,6.805729,5.8248997,10.939231,5.1,10.910486155497164,0.3420466,5.1767287,4600371.5
61,2006,6,0,3.5974424,3.5974424,80.363914,265.43234,681.9993,2325.0837,6.827836,5.847916,11.005926,4.3,11.346291278810833,0.34211466,5.026784,4600371.5
62,2007,6,0,3.251411,3.251411,72.60086,238.21306,600.1895,2101.901,6.8482747,5.8621755,11.071206,3.8,11.506219320052333,0.34674725,5.0184584,4600371.5
63,2008,6,0,3.2201014,3.1375346,69.5418,237.58568,582.5494,2053.1863,6.8592544,5.8521967,11.030266,5.1,11.163946919518933,0.34942228,4.9597816,4600371.5
64,2009,6,0,3.2829459,3.241651,69.602585,231.72643,549.9864,1963.1398,6.9104204,5.886072,10.948224,7.5,12.774087273918067,0.35928643,4.9574757,4600371.5
65,2010,6,0,2.4143252,2.5551608,63.013885,214.9353,526.18207,1963.4901,6.9293613,5.8390646,11.009439,8.1,12.25443044,0.35100263,5.5242176,4600371.5
66,2000,7,0,2.971835,2.971835,116.20481,195.59526,528.744,2077.1914,7.1247644,5.6879005,11.059157,2.3,7.3819165666452164,0.73568076,4.3054004,3424474.2
67,2001,7,0,3.165386,3.1955326,126.10295,197.91199,517.28436,1982.4963,7.1690555,5.691,11.092839,3.1,7.226757098227354,0.75972277,4.389667,3424474.2
68,2002,7,0,2.5072045,2.477357,121.45018,176.51913,510.7235,1932.1891,7.1718163,5.6724505,11.077563,4.4,7.9799841508859535,0.7738308,4.479419,3424474.2
69,2003,7,0,3.3222187,3.2332308,124.939156,178.65825,475.87817,1944.9218,7.1934614,5.6516523,11.084601,5.5,8.099420955072627,0.79036176,4.5726485,3424474.2
70,2004,7,0,2.9503024,2.8617933,123.55867,149.58034,470.83878,1969.917,7.3159833,5.6567216,11.060385,4.9,9.282212065969944,0.8027478,4.687529,3424474.2
71,2005,7,0,3.0930104,3.0340958,115.85533,141.1591,449.07565,1897.5177,7.3345656,5.6476154,11.058417,4.8,8.318106394253952,0.82447875,4.8074512,3424474.2
72,2006,7,0,3.9089148,3.9089148,126.91134,148.02519,442.56335,1839.815,7.346919,5.6234694,11.119631,4.3,8.019809353377031,0.8209577,4.744766,3424474.2
73,2007,7,0,3.233328,3.233328,123.12399,155.68617,447.5155,1743.6223,7.3432674,5.6436834,11.119112,4.6,7.698325336330504,0.8307364,4.7535934,3424474.2
74,2008,7,0,3.77898,3.77898,115.745575,168.39365,432.49283,1809.6733,7.396189,5.7206244,11.089806,5.8,8.831333241339982,0.8451746,4.781927,3424474.2
75,2009,7,0,3.0333493,3.0333493,114.49463,166.66252,434.1696,1716.7612,7.480118,5.710678,11.096228,8.2,9.10027709360487,0.85291487,4.788085,3424474.2
76,2010,7,0,3.6501617,3.7343962,99.76173,162.60066,426.00195,1586.613,7.4342494,5.684079,11.104235,9.0,9.444653159,0.89336306,4.940045,3424474.2
77,2000,8,0,3.2937338,3.1619844,183.6586,463.75772,687.20465,2814.1663,6.818771,5.970809,11.063006,3.3,8.876481027434169,1.5692666,4.686193,822992.0
78,2001,8,0,2.9808962,3.7585216,149.82245,423.6761,666.68396,2524.1711,6.8777075,5.951025,11.020055,3.5,8.611550325306514,1.602815,4.693227,822992.0
79,2002,8,0,3.3238688,3.8352332,147.52864,421.61996,684.5891,2372.0918,6.993193,5.982513,11.004995,4.0,9.527486477606713,1.6303576,4.667095,822992.0
80,2003,8,0,2.6498623,2.6498623,181.83102,465.99722,765.43164,2389.0403,7.019892,5.9629946,10.97011,4.2,9.263792533445049,1.660328,4.626155,822992.0
81,2004,8,0,3.4764428,3.4764428,166.74509,419.2838,703.85547,2394.4,7.2894435,5.9831476,10.923453,4.0,9.913324832603074,1.672169,4.581331,822992.0
82,2005,8,0,4.519984,5.0086308,159.54321,441.24814,709.8818,2209.2947,7.3352942,5.96317,10.954694,4.0,10.297133963769275,1.7015907,4.516319,822992.0
83,2006,8,0,4.9210525,4.9210525,209.84773,437.38782,742.49304,2394.092,7.3722396,5.8901596,10.945635,3.6,10.398534932440983,1.6832342,4.3724723,822992.0
84,2007,8,0,4.573766,4.573766,208.39955,468.40054,761.82526,2436.2927,7.3987317,5.903965,10.95787,3.4,10.162321784378594,1.7274762,4.4235353,822992.0
85,2008,8,0,6.6140327,6.6140327,214.31787,453.93152,787.0699,2558.0063,7.441735,5.9041533,10.846284,4.6,10.208469675239382,1.7358935,4.3579516,822992.0
86,2009,8,0,4.746293,4.746293,194.48225,416.40042,803.74426,2412.043,7.4862185,5.891621,10.877557,8.1,11.160619194473,1.7311237,4.312644,822992.0
87,2010,8,0,5.382427,5.7188287,205.0929,379.68536,842.6862,2413.0093,7.526988,5.8734255,10.919968,8.7,10.97880557,1.8044586,4.5496087,822992.0
88,2000,10,0,5.7908993,5.707531,203.98972,577.21735,1108.7872,3323.8223,6.612029,6.0246444,10.803568,3.8,12.03967721540215,1.2267472,2.1707792,17281274.0
89,2001,10,0,5.460078,5.4538307,205.32767,564.3184,1099.837,3226.9934,6.731031,5.9749074,10.711168,4.7,12.794836390706173,1.2422926,2.1736107,17281274.0
90,2002,10,0,5.5825677,5.551928,199.65492,542.177,1086.1311,3134.3145,6.7825823,6.0579505,10.738221,5.7,13.098106853897773,1.2488528,2.1669493,17281274.0
91,2003,10,0,5.5601873,5.5601873,189.69025,512.12695,1026.8535,3041.7896,6.8623333,6.0251226,10.740757,5.3,13.354420725056858,1.2507473,2.132007,17281274.0
92,2004,10,0,5.567921,5.567921,176.5549,507.34592,978.9889,2839.781,6.953999,6.0506716,10.753404,4.7,12.212917306423362,1.278868,2.1538026,17281274.0
93,2005,10,0,5.0798182,5.056807,173.39842,508.2177,947.98157,2720.6196,6.975622,6.0144396,10.779227,3.9,12.77622663377,1.2751898,2.1155517,17281274.0
94,2006,10,1,6.2410555,6.2355275,188.76291,485.63593,944.5774,2618.999,6.9276214,6.014571,10.807584,3.3,12.341336091116977,1.2796043,2.058708,17281274.0
95,2007,10,1,6.6722445,6.6722445,211.80214,479.45795,1009.4129,2724.263,6.9199705,6.0256004,10.78218,4.0,12.02952973387014,1.3155202,2.0706384,17281274.0
96,2008,10,1,6.4293222,6.4238224,199.47398,455.66238,1036.5839,2787.95,6.913868,6.0070543,10.723796,6.0,13.063376232330295,1.3327286,2.0683112,17281274.0
97,2009,10,1,5.581037,5.581037,169.6317,417.68326,998.13306,2633.388,6.9428453,5.9824424,10.74471,10.5,14.886562816574308,1.3515658,2.0840042,17281274.0
98,2010,10,1,5.285303,5.285303,139.68837,372.28992,905.6182,2454.9832,7.019406,5.9600835,10.697453,11.9,14.66394815,1.2911884,2.0388312,17281274.0
99,2000,11,0,8.18597,7.5320983,166.61153,320.01987,861.1993,3023.4019,6.7694807,5.912764,10.879009,3.5,12.654038644569326,0.0351959,0.25879484,8871351.0
100,2001,11,0,7.337416,6.9938583,176.71149,300.50278,880.96844,2926.1812,6.865631,5.9093146,10.867311,4.0,12.987876821716004,0.042441677,0.2782206,8871351.0
101,2002,11,0,7.2781854,7.1460733,161.3211,277.73605,887.93866,2817.4866,7.0380735,5.768584,10.859768,4.8,13.297809542373873,0.045458633,0.28455785,8871351.0
102,2003,11,0,7.786018,7.53715,166.42169,266.6563,936.23016,2929.4863,7.03167,5.90458,10.825959,4.8,13.694195316230246,0.045187347,0.2830342,8871351.0
103,2004,11,0,7.1432824,6.455756,159.13322,274.5561,967.1049,2906.5586,7.1094246,5.8332186,10.764414,4.7,14.189682000408087,0.043733668,0.28837654,8871351.0
104,2005,11,0,6.39373,6.1329927,159.17441,271.81287,957.5064,2829.4976,7.0772657,5.788776,10.84529,5.1,14.413201828062624,0.04859915,0.29849878,8871351.0
105,2006,11,0,6.5570683,6.183294,171.01773,276.80652,907.9083,2547.8801,6.929292,5.79757,10.884817,4.7,14.3129372557986,0.047917858,0.28852168,8871351.0
106,2007,11,1,7.833669,7.544327,185.39326,287.30597,969.1031,2557.141,6.9952955,5.738344,10.842498,4.4,14.2437857089658,0.04394785,0.27248523,8871351.0
107,2008,11,1,6.835447,6.604093,187.83807,279.7801,1058.5688,2595.8293,6.9345856,5.855726,10.753895,6.1,14.606392888443196,0.04487208,0.26868564,8871351.0
108,2009,11,1,5.959358,5.875127,154.04836,258.5161,1038.2129,2413.3926,6.9647646,5.904,10.693194,9.7,16.689530176200112,0.046822026,0.26512825,8871351.0
109,2010,11,1,5.8047853,5.731965,128.71434,250.16751,1006.194,2347.4114,6.93579,5.8318973,10.694396,10.2,16.03643657,0.026641674,0.24613121,8871351.0
110,2000,12,0,2.9768107,2.9768107,95.51309,123.32501,907.0767,3678.8276,7.0147877,5.7291813,11.086181,4.0,10.066467929117886,0.055708885,7.6047306,1248183.9
111,2001,12,0,2.692209,2.692209,96.07821,129.05777,939.0762,3779.6091,6.980355,5.6936793,10.975465,4.2,10.591318467291764,0.057966623,7.722181,1248183.9
112,2002,12,0,1.9858721,1.9858721,100.121056,137.02518,1052.6777,4082.9531,7.0293703,5.683552,10.956562,4.0,11.144300919210583,0.05874872,7.6764717,1248183.9
113,2003,12,0,1.8004968,1.8004968,95.59001,150.83252,933.72125,3667.039,7.073268,5.678181,11.025963,3.9,10.91469328128261,0.062526345,7.723722,1248183.9
114,2004,12,0,2.689469,2.689469,76.93511,155.09271,882.3903,3347.8184,7.144258,5.6322765,11.080911,3.2,9.163509936365532,0.06837771,7.7887836,1248183.9
115,2005,12,0,1.9383633,2.0191283,80.8459,152.24228,790.85223,3407.3196,7.1512194,5.6635504,11.105679,2.7,9.833639971635284,0.07462699,7.8179846,1248183.9
116,2006,12,0,1.6336081,1.3224447,88.99275,162.5829,678.6475,2939.25,7.090842,5.6498466,11.088155,2.4,9.164619470430916,0.07553493,7.5506926,1248183.9
117,2007,12,0,1.880091,1.880091,87.89425,158.31932,712.0061,2937.172,7.115412,5.6633906,11.117257,2.7,8.321909169673507,0.081705615,7.5991707,1248183.9
118,2008,12,0,2.0308168,2.0308168,84.74755,159.02858,734.5308,2454.4766,7.1205835,5.691781,11.0397005,4.0,9.108838505537491,0.08513809,7.5759625,1248183.9
119,2009,12,0,1.7965368,1.7965368,80.453606,164.96893,722.0516,2610.0554,7.200581,5.6936493,10.943199,6.9,10.3024352446141,0.09092038,7.4754677,1248183.9
120,2010,12,0,1.7810522,1.8552628,78.21788,158.1426,642.8857,2324.2732,7.282712,5.6219726,10.976902,6.5,9.782726465,0.09254051,7.172149,1248183.9
121,2000,13,0,1.2673699,1.2673699,17.663967,209.43288,580.61383,2261.0671,6.6383734,5.5651236,10.7710085,4.6,11.488945762113085,11.550888,42.896828,1401675.9
122,2001,13,0,2.3264976,2.3264976,18.999731,194.72784,582.16724,2193.4995,6.781303,5.5979543,10.759922,4.9,11.757653401494542,11.430858,42.488827,1401675.9
123,2002,13,0,2.7516203,2.7516203,18.344135,202.2441,568.7446,2221.1692,6.8344965,5.589761,10.73005,5.4,11.963357588357589,11.358078,42.048275,1401675.9
124,2003,13,0,1.9502462,1.9502462,18.37732,191.72421,587.84924,2217.2048,6.878614,5.581176,10.824388,5.3,12.002940371221866,11.274749,41.586224,1401675.9
125,2004,13,0,2.279157,2.279157,17.718609,190.12581,563.9811,2087.193,6.9362245,5.584048,10.8435335,4.7,11.821325851816562,11.309104,41.607628,1401675.9
126,2005,13,0,2.5078208,2.937733,19.059439,200.05244,577.9452,1978.0258,7.0002785,5.5744624,10.80645,4.0,13.359806367572013,11.12806,40.70315,1401675.9
127,2006,13,0,2.1821182,2.1821182,20.048212,183.5707,510.2065,1712.4172,6.9670615,5.582266,10.819258,3.4,12.474419778174044,10.679627,38.749237,1401675.9
128,2007,13,0,3.3491473,3.3491473,16.130587,198.76164,480.6368,1686.3982,6.9730887,5.6277924,10.8536,2.7,12.154670454164869,10.803665,38.923447,1401675.9
129,2008,13,0,1.539787,1.539787,16.13429,189.9294,455.57614,1591.4703,6.9983215,5.6992784,10.779373,4.2,12.453195493377912,10.713303,37.854996,1401675.9
130,2009,13,0,1.6079615,1.6079615,17.017593,197.77927,447.6833,1545.385,7.0889716,5.643318,10.769537,8.0,14.574027535001639,10.837192,37.586906,1401675.9
131,2010,13,0,1.3518698,1.4162446,13.776197,174.13371,418.56464,1510.3605,7.0466056,5.6328263,10.758201,9.2,14.04863126,10.176039,39.220448,1401675.9
132,2000,14,0,7.4230137,5.554861,211.95267,419.35068,676.5854,2588.6396,6.930705,6.0239134,10.973735,4.5,10.149905203648487,0.34592238,3.0660355,12520122.0
133,2001,14,0,8.075343,5.904375,205.01668,405.79834,650.945,2522.5745,6.981245,6.026395,10.948365,5.4,10.261409218094624,0.35108006,3.0727913,12520122.0
134,2002,14,0,7.826353,5.822937,206.1564,367.40695,663.24475,2477.615,6.984662,6.0180817,10.854431,6.6,11.498215615944163,0.3517787,3.0538006,12520122.0
135,2003,14,0,7.2594714,5.2560196,192.93161,336.66104,635.4674,2400.1436,7.006147,6.0113034,10.88796,6.7,11.57442041230392,0.3576121,3.0554993,12520122.0
136,2004,14,0,6.295135,4.083767,182.25223,337.21747,614.08234,2316.4885,7.075484,6.0037355,10.881551,6.2,11.993967001064766,0.36233345,3.0437784,12520122.0
137,2005,14,0,6.189536,4.1317163,186.93202,338.8811,624.058,2231.9468,7.173257,6.0236683,10.89772,5.7,11.936897921931624,0.36791566,3.0372615,12520122.0
138,2006,14,0,6.078568,4.855061,185.33397,318.40784,602.08215,2124.21,7.125266,6.0055313,10.871079,4.5,11.97113927167847,0.36409843,2.9407487,12520122.0
139,2007,14,0,5.8827906,5.210025,180.70805,317.39688,590.81366,2095.83,7.155058,6.037423,10.918954,5.0,11.704187318690556,0.37277493,2.9366155,12520122.0
140,2008,14,0,6.1579165,5.128999,187.5982,303.05524,615.54224,2101.12,7.211719,6.015435,10.895405,6.6,11.920128857915348,0.37636563,2.9173794,12520122.0
141,2009,14,0,6.0461273,5.396931,179.29544,286.17816,608.9147,1946.1882,7.3008323,5.98544,10.891969,10.0,13.072642774842446,0.38329944,2.9194896,12520122.0
142,2010,14,0,5.5174966,5.470606,156.72504,250.41307,589.2546,1874.0264,7.295567,5.9650626,10.834884,10.5,12.787283,0.38519317,2.982504,12520122.0
143,2000,15,0,5.9637456,5.2521625,106.432526,217.49034,696.4706,2451.6924,6.7663407,5.57626,10.853987,2.9,8.968033138094086,0.10809289,3.349863,6158275.5
144,2001,15,0,6.9569025,6.4010243,120.79407,226.29305,720.25,2481.0874,6.8040886,5.6390915,10.814323,4.2,9.159225476076172,0.111394666,3.353008,6158275.5
145,2002,15,0,6.05262,5.517582,110.55228,220.43575,712.3533,2442.3325,6.9455967,5.6668463,10.814706,5.2,9.78529751720524,0.113628745,3.3478513,6158275.5
146,2003,15,0,5.617002,5.3178716,106.374054,222.40337,691.0242,2421.0608,6.9652123,5.6629467,10.825641,5.3,10.1312932648325,0.11617888,3.3568566,6158275.5
147,2004,15,0,5.215442,4.9513693,105.183586,194.78687,695.9645,2453.7336,6.985952,5.6432414,10.796715,5.3,11.278740635722809,0.119096935,3.3512354,6158275.5
148,2005,15,0,5.842414,5.4649544,111.74437,185.13559,718.09174,2482.6648,6.9816647,5.613437,10.766294,5.3,12.089069894304828,0.12090186,3.3406134,6158275.5
149,2006,15,0,5.733727,5.4011073,113.81923,174.94203,723.98596,2397.2522,6.9699297,5.530932,10.801676,5.0,12.174539717938645,0.12362359,3.226156,6158275.5
150,2007,15,1,5.617543,5.3160367,124.72851,180.9674,738.40546,2362.177,7.0451117,5.5470777,10.817777,4.6,11.98480660813525,0.12847354,3.1930022,6158275.5
151,2008,15,1,5.0823956,4.8929896,119.81511,187.81187,771.90857,2313.0425,7.1579437,5.523858,10.760199,5.9,12.620235352796383,0.13289991,3.1515589,6158275.5
152,2009,15,1,4.91922,4.6511855,115.83817,191.95995,770.6778,2163.0378,7.0929413,5.5826087,10.715218,10.0,14.120983484507374,0.1404185,3.1149225,6158275.5
153,2010,15,1,4.5213466,4.041341,96.295395,187.62039,729.5317,2121.7349,7.121458,5.4856067,10.743372,9.9,13.80079102,0.15275028,2.979397,6158275.5
154,2000,16,0,1.6299601,1.8071296,37.949722,212.7098,579.06104,2307.3857,6.89284,5.5749435,10.857055,2.8,8.42207462028131,0.504012,5.745893,2907060.2
155,2001,16,0,1.7737057,1.7382315,40.937126,213.27037,598.9804,2349.9473,7.0322146,5.5851717,10.829016,3.3,8.37597026134134,0.5161838,5.864119,2907060.2
156,2002,16,0,1.5534573,1.624069,41.272537,225.1807,658.2069,2415.3083,7.021083,5.582811,10.814766,3.9,9.250591019887079,0.52937585,5.9261923,2907060.2
157,2003,16,0,1.7606453,1.7606453,39.825794,218.24959,616.754,2267.711,7.061813,5.5759153,10.800799,4.4,9.289762763621408,0.52731323,5.958164,2907060.2
158,2004,16,0,1.5432289,1.5432289,40.685123,228.43294,628.7956,2182.0554,7.1390557,5.565522,10.821497,4.7,10.68328209696738,0.5399547,5.993655,2907060.2
159,2005,16,0,1.3973598,1.3973598,40.2789,232.55562,633.94727,2121.297,7.157426,5.575935,10.85771,4.3,10.784579155372796,0.54486555,6.0192676,2907060.2
160,2006,16,0,1.9114144,1.8108135,44.16373,215.15147,623.35583,2074.857,7.1893835,5.5426674,10.859825,3.7,10.595707365819553,0.54223806,5.804362,2907060.2
161,2007,16,0,1.3458651,1.3122185,44.81731,223.58185,578.5874,1917.7233,7.153107,5.5715737,10.847977,3.8,10.642529472764064,0.54029757,5.7237625,2907060.2
162,2008,16,0,2.5800908,2.5800908,41.851086,214.04703,556.16034,1752.5183,7.1892414,5.5950837,10.835179,4.0,11.092949951933242,0.5540159,5.6929874,2907060.2
163,2009,16,0,1.2756473,1.2756473,40.317165,213.36879,551.1803,1670.3258,7.282633,5.600164,10.850463,5.9,11.49119803416049,0.5508446,5.64588,2907060.2
164,2010,16,0,1.2857865,1.2857865,33.331543,212.5504,549.12976,1578.649,7.337619,5.5855746,10.803182,6.7,11.53924138,0.5272714,5.5135183,2907060.2
165,2000,17,0,6.48387,3.683145,78.57376,277.42523,824.2572,3072.242,6.460618,5.9193,10.85871,3.8,9.019370274256197,0.99621403,9.695573,2702063.2
166,2001,17,0,3.5213478,3.1768682,92.741585,285.11435,785.184,2948.6694,6.6520004,5.93785,10.83966,4.3,9.650559817747286,1.0425869,9.761636,2702063.2
167,2002,17,0,2.9611385,2.5055788,82.190575,263.883,747.0801,2804.6157,6.817905,5.9372034,10.8523035,5.1,10.085827459775972,1.0516597,9.72081,2702063.2
168,2003,17,0,4.731717,3.5203977,85.05735,279.13345,831.7602,3008.2744,6.7509713,5.951991,10.867349,5.6,10.529509449617999,1.0555136,9.679769,2702063.2
169,2004,17,0,4.5977807,4.5977807,68.28835,273.37952,759.2368,3056.959,6.981676,5.9284873,10.766419,5.6,11.220582682043858,1.1043342,9.683793,2702063.2
170,2005,17,0,3.793262,3.7557049,67.4149,289.45218,714.63556,2862.6733,7.0360894,5.96882,10.756583,5.1,11.667698233616864,1.1356876,9.656706,2702063.2
171,2006,17,0,4.5946655,4.48613,69.0647,318.69614,735.3997,2804.4463,7.0068083,5.9351616,10.804868,4.5,11.834085543988495,1.101562,9.188065,2702063.2
172,2007,17,1,3.952387,3.8436058,73.82624,335.26395,736.48566,2670.1094,7.0325227,5.9451456,10.839541,4.1,10.944341323803124,1.1302739,9.27774,2702063.2
173,2008,17,1,4.0667977,4.0308084,60.534103,308.10492,710.53796,2448.2842,7.0515594,5.9138126,10.788968,4.5,11.07766899793745,1.1267909,9.130284,2702063.2
174,2009,17,1,4.4999075,4.463908,64.29468,301.31378,701.01355,2357.9155,7.0907884,5.9085298,10.724478,6.6,12.948645257907687,1.1468644,9.128584,2702063.2
175,2010,17,1,3.5294309,3.4588423,54.49441,274.58972,684.85077,2244.7886,7.0728683,5.9212685,10.741363,6.6,12.40626714,1.0526174,8.91739,2702063.2
176,2000,18,0,4.9147367,1.833477,82.9139,187.49849,644.46716,1862.5325,7.182271,5.5270057,10.734569,4.3,14.014181435281445,3.2335658,5.07537,4105912.0
177,2001,18,0,4.581462,1.9996436,82.74474,152.09947,682.5113,1808.4878,7.218498,5.5306563,10.765047,5.2,14.815131682859562,3.2692654,5.064819,4105912.0
178,2002,18,0,4.8012834,2.1366968,78.70586,168.22089,675.97546,1819.4099,7.2871313,5.530444,10.704457,5.7,14.9884253876785,3.3027048,5.037074,4105912.0
179,2003,18,0,4.5215683,1.9735022,80.53887,142.46687,650.3564,1725.7651,7.2927732,5.529067,10.687092,6.3,15.15132514421554,3.310862,4.9714766,4105912.0
180,2004,18,0,5.854432,5.3831005,81.069,134.20541,642.5487,1749.7557,7.320193,5.5299745,10.62386,5.5,16.57699793656078,3.3216212,4.931987,4105912.0
181,2005,18,0,4.6813793,4.3610744,90.91731,143.71834,651.89435,1733.4408,7.3084254,5.5285726,10.62101,6.0,16.856365185026583,3.3033044,4.833228,4105912.0
182,2006,18,0,4.2082,3.6613717,87.96802,150.11624,669.5555,1727.145,7.299884,5.49044,10.661931,5.7,16.520536728550187,2.8613381,4.426218,4105912.0
183,2007,18,1,5.1835055,4.7317324,96.29907,163.37553,660.897,1678.3145,7.284255,5.5009828,10.633111,5.5,16.809466698116438,2.9868882,4.4762425,4105912.0
184,2008,18,1,4.769777,4.580875,95.86779,167.74503,697.4028,1820.3782,7.30141,5.4829974,10.637513,6.4,16.92918935754176,3.0203786,4.4150896,4105912.0
185,2009,18,1,4.3273754,4.139229,85.65381,132.71402,702.72815,1715.381,7.39969,5.5075355,10.677477,10.3,18.15324553151458,3.0204375,4.3739886,4105912.0
186,2010,18,1,4.3309727,4.192011,86.80473,120.71138,702.0113,1718.238,7.417879,5.45537,10.627067,10.3,17.69417637,2.847927,4.3936906,4105912.0
187,2000,19,0,12.924038,12.370151,173.82831,481.2127,1068.2871,3331.2864,6.808087,6.1716466,10.568543,4.9,17.38407772331988,0.019316822,1.7785554,4365311.5
188,2001,19,0,11.571946,11.248578,181.64029,482.97284,1072.9111,3223.3992,6.6803923,6.179482,10.62223,5.4,18.405861641100596,0.021018904,1.8179504,4365311.5
189,2002,19,0,13.639578,13.294563,163.83594,470.2549,1043.0941,3066.076,6.755714,6.250784,10.626582,5.9,18.337641415737544,0.022724962,1.8476682,4365311.5
190,2003,19,0,13.390592,13.000797,160.6871,445.4894,1021.99567,2968.6528,6.63455,6.192849,10.589661,6.2,18.26472145390644,0.026299672,1.8867666,4365311.5
191,2004,19,0,13.102372,12.714323,149.8327,458.58304,1035.3842,3060.568,6.9904675,6.193131,10.646615,5.5,19.383750227693668,0.028304776,1.887746,4365311.5
192,2005,19,0,10.251161,9.112143,121.57876,448.34018,897.136,2570.5354,7.052469,5.9532714,10.635543,6.7,20.106876318840243,0.031117966,1.9061918,4365311.5
193,2006,19,0,13.107053,12.500676,138.60358,529.0398,1095.815,2624.4424,7.062626,6.09221,10.582993,4.0,18.851742911463493,0.033653874,1.960857,4365311.5
194,2007,19,1,14.525605,14.088226,145.3021,535.99713,1080.3735,2714.4236,7.0822554,6.17998,10.679205,3.8,18.045866383306098,0.034506947,1.9127529,4365311.5
195,2008,19,1,12.458026,12.2047205,143.9236,495.83405,1048.0631,2580.5386,7.2147923,6.25558,10.598208,4.6,17.389424079959802,0.036729302,1.900298,4365311.5
196,2009,19,1,11.9912615,11.741916,139.4069,472.5781,1063.754,2586.4402,7.2518706,5.858748,10.740367,6.7,17.431553473544195,0.03767387,1.8466089,4365311.5
197,2010,19,1,11.357343,11.067842,116.04532,399.33307,1011.8056,2450.2688,7.267761,6.0206013,10.582612,7.4,17.33284163,0.04324698,1.7729925,4365311.5
198,2000,20,0,1.2096667,1.2096667,19.919178,65.72522,546.36615,1927.8861,7.3774776,5.4481874,10.761789,3.3,10.058539803275938,8.404361,15.418896,1289211.6
199,2001,20,0,1.517881,1.517881,21.090557,65.987885,551.0707,1964.0582,7.4065447,5.4311037,10.716393,3.8,10.353866003059728,8.621883,15.735713,1289211.6
200,2002,20,0,1.1115108,1.1115108,21.436277,58.354313,552.97656,1952.3685,7.458246,5.448396,10.7069235,4.4,11.186720304998543,8.828174,16.018538,1289211.6
201,2003,20,0,1.2592456,1.2592456,22.745125,60.050274,517.7861,1892.2527,7.526475,5.437263,10.691876,5.0,10.870988712437097,9.042957,16.182722,1289211.6
202,2004,20,0,1.4076521,1.4076521,22.600637,58.02655,495.88458,1884.3771,7.6323833,5.421255,10.772813,4.6,11.636747541496414,9.215195,16.30069,1289211.6
203,2005,20,0,1.4801277,1.4801277,25.16217,63.48969,492.57092,1886.6176,7.609268,5.415316,10.800697,4.8,12.244551377180949,9.439943,16.598309,1289211.6
204,2006,20,0,1.740349,1.740349,28.980595,59.474537,517.33765,1926.869,7.619421,5.4023724,10.806835,4.6,12.355948285907562,9.381313,16.26621,1289211.6
205,2007,20,0,1.521167,1.521167,26.544365,61.150913,513.0136,1842.7417,7.577339,5.434105,10.827012,4.8,11.847153135885852,9.565174,16.46131,1289211.6
206,2008,20,0,2.3572907,2.3572907,25.321865,63.038517,498.7571,1877.8483,7.5599213,5.416808,10.775304,5.5,12.255630693142336,9.653334,16.342945,1289211.6
207,2009,20,0,1.9751135,1.9751135,30.310396,59.253407,511.1746,1819.7633,7.6953826,5.3807564,10.784897,8.1,12.268797763563713,9.686489,16.213707,1289211.6
208,2010,20,0,1.8055675,1.8055675,31.146038,59.73419,553.63214,1849.5781,7.6906843,5.3640285,10.781723,7.9,12.25258083,9.9204645,16.448118,1289211.6
209,2000,21,0,8.329411,8.484377,262.667,506.15698,763.7101,2816.9485,6.868994,5.8925004,11.142543,3.6,8.058317497767524,0.54666114,6.0534477,5471289.5
210,2001,21,0,8.5096855,8.853126,258.05716,508.82574,792.8317,2784.4224,6.9164457,5.9005785,11.096258,4.1,7.797390121553029,0.5581094,6.051798,5471289.5
211,2002,21,0,9.639246,9.921095,252.1048,501.9736,747.1825,2692.976,6.959908,5.9045568,11.132587,4.5,8.369608904032756,0.56830215,6.0461936,5471289.5
212,2003,21,0,9.7720375,9.7720375,247.59552,439.1461,719.2406,2501.1206,7.016074,5.883469,11.03518,4.5,8.953010830023869,0.57757396,6.074299,5471289.5
213,2004,21,0,9.609233,9.609233,235.56453,449.12558,676.96216,2395.6313,7.06384,5.884272,11.096091,4.3,9.337462782667748,0.5837286,6.070102,5471289.5
214,2005,21,0,10.1074505,10.1074505,263.26978,424.3115,657.7533,2352.747,7.0818005,5.8903804,11.121112,4.2,8.310265031261684,0.59214646,6.1064014,5471289.5
215,2006,21,0,9.722694,9.722694,255.99535,391.98843,667.0374,2270.5698,7.11658,5.88017,11.139686,3.9,7.781325552328309,0.59041333,6.016888,5471289.5
216,2007,21,0,9.896669,9.896669,236.84123,376.4307,662.66595,2274.2332,7.159643,5.90808,11.142065,3.6,8.138867060044378,0.59862345,6.0888987,5471289.5
217,2008,21,0,8.774975,8.774975,234.9664,366.02145,691.10486,2383.696,7.1571345,5.9139585,11.074684,4.3,7.988038980109464,0.6038713,6.0986786,5471289.5
218,2009,21,0,7.8049917,7.8049917,212.98758,355.1626,654.6437,2231.0037,7.290353,5.901472,11.08592,7.1,9.0314573090021,0.6096231,6.0882125,5471289.5
219,2010,21,0,7.499417,7.429655,192.78734,329.7825,637.3109,2065.9673,7.3329535,5.8776093,11.067029,7.4,8.893767967,0.69830036,6.177148,5471289.5
220,2000,22,0,2.039857,1.9909003,94.89414,368.7082,499.35696,1720.4153,7.209129,5.7780538,10.988592,2.8,8.63947912826636,1.7168578,8.587781,6315575.0
221,2001,22,0,2.3216898,2.516517,105.1417,358.96896,526.52026,1734.3022,7.280715,5.7850857,11.072124,3.7,8.40839724339118,1.7319481,8.709227,6315575.0
222,2002,22,0,2.7855701,2.7855701,115.43209,354.52417,535.26416,1737.7126,7.063605,5.762019,11.009109,5.3,9.161176302753143,1.7398703,8.747045,6315575.0
223,2003,22,0,2.251248,2.203007,128.81963,327.6852,562.21704,1673.4652,6.9163847,5.744879,11.008843,5.8,9.647562308513272,1.7668276,8.835714,6315575.0
224,2004,22,0,2.7574348,2.7413094,120.68211,323.152,556.2762,1638.4161,7.582895,5.749062,11.00285,5.2,10.039336177414965,1.7953802,8.8867445,6315575.0
225,2005,22,0,2.8789265,2.862753,126.75364,321.5017,561.6818,1586.3047,7.537086,5.757847,11.043913,4.8,10.233856176591416,1.8519585,8.931611,6315575.0
226,2006,22,0,2.9205277,2.9049928,127.27597,345.69415,549.26117,1565.7601,7.5547743,5.759103,10.999312,5.0,9.690170855526626,1.8186343,8.535102,6315575.0
227,2007,22,0,2.920271,2.8892043,109.10629,325.64127,555.8145,1614.1797,7.6319356,5.7548413,11.026419,4.5,9.654928058040072,1.8482363,8.4518385,6315575.0
228,2008,22,0,2.5812354,2.565779,109.29291,323.13358,560.4527,1654.5874,7.59354,5.742375,11.019989,5.1,9.770950126511453,1.85427,8.293108,6315575.0
229,2009,22,0,2.65697,2.65697,114.67974,324.5036,530.08856,1640.2413,7.629903,5.5520167,11.007966,8.5,10.11333436540496,1.8423246,8.148528,6315575.0
230,2010,22,0,3.2235231,3.2849238,105.51666,333.4658,579.72766,1606.9264,7.65637,5.7053246,11.024074,8.9,10.3868673,1.8923156,8.193644,6315575.0
231,2000,23,0,6.9050546,6.8637686,141.52782,369.02304,720.3345,2351.0522,6.9553423,5.6799097,10.961677,3.7,9.820195065208383,0.16456531,3.1056025,9905407.0
232,2001,23,0,6.899294,6.8684936,132.82167,375.26205,739.6002,2327.5671,7.048218,5.682183,10.923724,5.2,9.89450137559808,0.17492585,3.1462116,9905407.0
233,2002,23,0,6.920346,6.971381,120.92233,371.7083,724.3908,2188.044,7.071891,5.658131,10.854547,6.2,11.033726173544721,0.18327689,3.1659052,9905407.0
234,2003,23,0,6.228475,6.208121,114.53474,348.2043,695.2688,2122.3428,7.0050406,5.6456223,10.88506,7.1,11.07999926723822,0.19383584,3.199065,9905407.0
235,2004,23,0,6.5220203,6.5220203,114.98231,327.37906,651.52246,1977.7849,7.0604925,5.6366377,10.794993,7.0,12.595543035800718,0.2004786,3.1948874,9905407.0
236,2005,23,0,6.3757005,6.568289,135.29865,372.6085,714.8792,1967.3445,7.2243457,5.5983067,10.845446,6.8,13.099225864300163,0.20722546,3.1939826,9905407.0
237,2006,23,0,7.161505,7.1416945,141.03114,363.4439,756.3263,1973.1086,7.15029,5.547155,10.870585,6.9,13.162985260077045,0.21223016,3.1183352,9905407.0
238,2007,23,1,6.5682406,6.5286136,132.39513,347.71057,744.1331,1891.4949,7.1824446,5.5634794,10.857383,7.2,13.575226220417283,0.21876304,3.084329,9905407.0
239,2008,23,1,5.514799,5.5048447,131.73799,329.59384,743.4626,1834.2979,7.203485,5.5749817,10.828103,8.4,13.96355076208251,0.22597735,3.0624855,9905407.0
240,2009,23,1,6.205669,6.185747,123.78467,321.25043,757.49005,1779.3037,7.262717,5.5341687,10.752634,13.7,15.594447291061206,0.22898221,3.0226986,9905407.0
241,2010,23,1,5.72225,5.883724,115.9891,320.1937,745.48706,1685.1875,7.2864094,5.507406,10.745938,13.3,15.36210135,0.25669387,2.9804041,9905407.0
242,2000,24,0,3.156621,3.073002,77.61943,161.1549,545.9491,2471.9897,7.2577443,5.521629,11.13733,3.1,7.036421972089617,1.9743724,2.5698867,5031185.0
243,2001,24,0,2.4605246,2.3984945,77.70296,145.39839,527.17255,2574.6392,7.3277583,5.536734,11.080279,3.9,7.331598284414727,1.9719968,2.5560508,5031185.0
244,2002,24,0,2.2939994,2.2120707,80.638176,145.54607,574.1962,2501.893,7.422735,5.5519,11.100436,4.5,7.601105461910087,1.9581742,2.5267174,5031185.0
245,2003,24,0,2.5815191,2.5205383,79.39696,146.1709,563.0151,2362.3135,7.5500355,5.525926,11.044856,4.9,8.132029049610699,1.9515674,2.5014718,5031185.0
246,2004,24,0,2.278801,2.278801,82.07717,150.1387,565.62665,2287.9363,7.4632,5.535489,11.078444,4.6,8.243895434896066,1.9470439,2.4827638,5031185.0
247,2005,24,0,2.3046794,2.3046794,94.672226,163.25146,595.5292,2290.7312,7.5094995,5.546819,11.011225,4.1,9.131741087103254,1.9369929,2.4429002,5031185.0
248,2006,24,0,2.4578578,2.3997982,105.90077,171.1211,585.6475,2245.3403,7.409875,5.541483,11.015115,4.0,9.425865683678333,1.8674881,2.318418,5031185.0
249,2007,24,0,2.2500923,2.2112978,92.50595,160.9592,577.1875,2248.0168,7.448127,5.5688624,11.0194645,4.6,9.336525360868256,1.8737257,2.3181577,5031185.0
250,2008,24,0,2.1034503,2.0841527,80.645134,148.16782,511.06125,2172.5168,7.477551,5.577163,10.926298,5.5,9.450358763726943,1.8653746,2.2926066,5031185.0
251,2009,24,0,1.4262089,1.4262089,69.74932,142.46669,493.0057,2026.7584,7.5726933,5.5767627,10.951087,8.0,10.756659672461508,1.8512962,2.284054,5031185.0
252,2010,24,0,1.8183192,1.8183192,64.17152,136.999,462.44025,1959.0306,7.616672,5.544676,10.8695965,7.1,10.71281712,1.7532954,2.1949008,5031185.0
253,2000,25,0,9.275277,6.2198915,98.31794,228.79018,979.1055,2537.352,7.0618105,5.624358,10.678814,5.6,17.814897477270115,1.8166813,11.687977,2847116.8
254,2001,25,0,10.207864,6.7690444,119.23654,191.23456,1079.4635,2545.2693,7.149149,5.699826,10.522557,5.6,19.194186874858826,1.858338,11.833448,2847116.8
255,2002,25,0,9.512735,6.6661215,120.92705,184.16512,1066.3271,2539.1797,7.306927,5.710405,10.530174,6.7,19.15378453726488,1.8989798,11.942194,2847116.8
256,2003,25,0,9.585377,6.7133536,108.27527,178.56802,1061.3561,2452.241,7.3648777,5.632559,10.56615,6.4,18.60489328100986,1.9437493,12.026632,2847116.8
257,2004,25,0,8.092611,6.3457475,89.23262,166.7363,986.1221,2332.9536,7.401577,5.754965,10.599555,6.4,19.57998280231071,1.9748822,12.08979,2847116.8
258,2005,25,0,7.577485,5.771636,85.15819,154.55945,951.293,2155.4404,7.4338884,5.707262,10.510968,7.8,20.94604547340869,2.0078566,12.076882,2847116.8
259,2006,25,0,7.9710293,6.287493,111.80056,153.99205,932.8853,1994.7501,7.2710624,5.756035,10.533695,6.8,20.21233173225587,1.9865042,11.729954,2847116.8
260,2007,25,1,7.019674,5.5400367,99.066864,149.71863,936.8168,1968.7432,7.320605,5.696027,10.576458,6.3,20.073513876587253,2.0138204,11.707955,2847116.8
261,2008,25,1,8.017021,6.5095468,105.93431,160.99136,884.2705,1859.7433,7.332105,5.6433654,10.516156,7.0,20.23030091236437,2.0255997,11.595627,2847116.8
262,2009,25,1,6.638743,5.338371,101.60014,147.04474,1011.51855,1790.7153,7.4868355,5.703472,10.481701,9.6,21.231863228208496,2.0347748,11.490192,2847116.8
263,2010,25,1,7.0297036,5.745431,93.9209,138.1945,1028.9053,1783.4493,7.4680805,5.85493,10.544947,10.7,21.12689527,2.068017,11.244788,2847116.8
264,2000,26,0,6.386715,6.1106324,139.84514,333.56323,767.2341,2936.3982,6.839212,5.686426,10.952524,3.3,10.697416398912381,0.0071965577,1.0742565,5688724.5
265,2001,26,0,6.8037214,6.657405,142.12828,383.0934,786.031,3062.0405,6.9598455,5.746462,10.837834,4.5,11.080244407231259,0.008303466,1.0975025,5688724.5
266,2002,26,0,6.011664,5.993502,127.57078,394.79016,775.90424,2904.5056,7.0984297,5.8352146,10.855975,5.2,11.453346126735687,0.009280847,1.1127391,5688724.5
267,2003,26,0,5.221552,5.221552,120.80033,355.78824,758.78723,2920.022,7.08788,5.8410854,10.856669,5.6,11.80692254920861,0.010045615,1.1384429,5688724.5
268,2004,26,0,6.3371425,6.390847,118.68716,353.788,724.5108,2833.1682,7.06405,5.83316,10.79216,5.7,13.169118997571477,0.011063147,1.1391282,5688724.5
269,2005,26,0,7.137898,7.17341,127.77193,377.38528,760.34595,2828.3123,7.1325417,5.7992377,10.779143,5.3,13.508010603862633,0.010760115,1.1475681,5688724.5
270,2006,26,0,6.3326745,6.3155594,130.0252,379.36145,765.17535,2628.4536,7.0121813,5.8041134,10.783259,4.8,13.403037253412927,0.011176315,1.1139688,5688724.5
271,2007,26,0,6.290015,6.290015,132.34741,394.53992,768.97577,2678.7751,6.952983,5.834636,10.786779,5.0,13.00583206104777,0.011723081,1.1032549,5688724.5
272,2008,26,1,7.7625914,7.7625914,125.903786,344.63522,779.18713,2554.182,6.979505,5.846135,10.749784,6.1,13.191928198753661,0.012580165,1.0903717,5688724.5
273,2009,26,1,6.554454,6.554454,125.9573,340.1372,738.28217,2384.0598,7.100671,5.849217,10.811222,9.1,14.401439473259014,0.013515386,1.0687824,5688724.5
274,2010,26,1,7.0464916,7.063269,102.87878,323.2662,738.9253,2354.1992,7.1122684,5.834339,10.740389,9.4,14.02751789,0.011291164,0.9936057,5688724.5
275,2000,27,0,2.2793763,1.3676258,23.13567,259.39304,413.02298,3040.46,6.6736374,5.6258717,10.633425,4.8,13.411508343087164,0.7068346,12.456564,921333.75
276,2001,27,0,3.865222,2.614709,26.147089,310.923,417.2166,2806.1511,6.737916,5.696588,10.585675,4.5,14.184909946011945,0.7335964,12.593121,921333.75
277,2002,27,0,1.8087537,1.1304711,31.99233,300.81836,371.81192,2676.8425,6.80721,5.7236457,10.650625,4.5,14.261344559664565,0.75447637,12.723339,921333.75
278,2003,27,0,3.3613558,2.3529491,33.38947,311.1495,417.03223,2554.6304,6.781271,5.730503,10.607451,4.4,14.466043023113803,0.76863,12.734609,921333.75
279,2004,27,0,3.3263075,2.550169,25.834322,242.48781,389.73236,2448.384,6.882759,5.724014,10.576304,4.2,13.868595333634179,0.78644997,12.7249,921333.75
280,2005,27,0,1.9766079,2.0864196,19.436646,234.7771,399.9337,2612.856,6.8848433,5.7269554,10.637609,3.9,14.519942326972682,0.7990987,12.762189,921333.75
281,2006,27,0,3.5992851,3.3875625,24.771551,312.29092,358.23474,2298.8848,6.883476,5.6748214,10.702143,3.2,14.03054311096808,0.7844325,12.284573,921333.75
282,2007,27,0,2.4291968,2.3235795,24.291967,306.8181,356.247,2328.0156,7.006714,5.6681447,10.734351,3.1,13.8815924969503,0.7738576,12.083881,921333.75
283,2008,27,0,3.4500928,3.4500928,21.223299,244.22475,382.01938,2184.8496,7.0284557,5.6283507,10.679205,4.2,13.901887723524197,0.78683025,11.827441,921333.75
284,2009,27,0,3.3463807,3.3463807,23.842962,228.07677,385.46124,2042.1288,7.1805825,5.736776,10.623885,6.3,14.876440120176898,0.79351056,11.679706,921333.75
285,2010,27,1,2.6429129,2.7445636,15.959128,222.51294,371.43094,2031.8918,7.190879,5.70029,10.632653,7.2,14.21643221,0.7790494,11.019931,921333.75
286,2000,28,0,3.7941637,3.673714,69.077866,238.49028,610.13763,2958.1226,6.968198,5.6090274,10.875402,2.8,8.962717825643125,0.59429854,4.402615,1725508.9
287,2001,28,0,2.586656,2.5265012,67.85461,217.2791,587.1108,3170.9395,7.0184655,5.608084,10.8913355,3.1,9.420480781146045,0.62753475,4.4938636,1725508.9
288,2002,28,0,2.8605857,2.8009903,80.99033,211.98132,615.5623,3065.5945,7.0901194,5.624233,10.856438,3.7,10.12659283971542,0.6554317,4.513885,1725508.9
289,2003,28,0,3.318202,3.318202,69.03045,200.27719,600.4168,2898.9233,7.1472416,5.6195536,10.861515,4.0,10.075601675928993,0.6924969,4.5986133,1725508.9
290,2004,28,0,2.3577774,2.3577774,67.078766,211.90524,579.188,2734.963,7.1640787,5.645836,10.83056,3.9,10.14799179257689,0.74258196,4.7030587,1725508.9
291,2005,28,0,2.5776577,2.5776577,60.926456,198.42107,551.1501,2657.2722,7.1599083,5.599325,10.887867,3.8,10.922004761636954,0.7884118,4.794385,1725508.9
292,2006,28,0,2.9971764,2.827525,64.29792,193.96822,539.15247,2533.01,7.094681,5.5983186,10.860229,3.0,11.004444303696538,0.8195864,4.7369523,1725508.9
293,2007,28,0,3.9679594,3.9112742,63.26061,212.68262,511.7534,2352.093,7.095986,5.568123,10.853387,3.0,10.796420447234361,0.8700034,4.7793503,1725508.9
294,2008,28,0,3.8963327,3.7833955,73.23976,201.64934,492.2367,2167.9985,7.0904355,5.6043816,10.846809,3.3,10.530262646705395,0.8920343,4.7452817,1725508.9
295,2009,28,0,2.313608,2.313608,68.84394,187.40224,492.40347,2115.879,7.1274514,5.6047273,10.828024,4.6,11.980651466827377,0.9037178,4.645612,1725508.9
296,2010,28,0,2.9782193,2.9782193,56.531013,184.92535,459.1973,2034.0686,7.1373267,5.585978,10.872902,4.7,11.53331966,1.0111054,5.9630017,1725508.9
297,2000,29,0,6.5662823,6.5662823,231.24512,251.55478,892.09814,2246.025,6.272681,5.8954635,10.967077,4.5,9.914933558385448,0.044131525,3.747973,2347658.5
298,2001,29,0,8.685619,8.733873,237.98598,307.0849,854.6167,2174.9275,6.2180715,5.893102,10.931606,5.3,9.524554005494137,0.045309983,3.6754165,2347658.5
299,2002,29,0,8.458758,8.458758,239.1819,356.52963,885.646,2217.9238,6.378921,5.962161,10.905718,5.7,10.460773326778185,0.04645307,3.6731572,2347658.5
300,2003,29,0,8.923823,8.923823,236.68515,340.64545,994.66656,2415.3665,6.4596696,5.8745537,10.888651,5.3,11.403649435987196,0.047835317,3.6637957,2347658.5
301,2004,29,0,7.474371,7.474371,213.14993,362.76773,1005.6505,2278.727,6.4741473,5.8567915,10.905718,4.6,11.501535939773952,0.04649754,3.5955634,2347658.5
302,2005,29,0,8.650806,8.650806,197.45674,366.6094,986.0659,2184.2026,6.5291023,5.8820586,10.893809,4.2,11.066396615939068,0.047453452,3.5735807,2347658.5
303,2006,29,0,9.056196,9.056196,282.02438,413.3392,997.46387,2020.2129,6.5000916,5.896744,10.942651,4.2,10.331597028125099,0.048526786,3.4518132,2347658.5
304,2007,29,0,7.754377,7.754377,278.75577,447.38333,1000.8369,2002.2363,6.5415792,5.9485016,10.948084,4.8,10.760865067015091,0.051669057,3.4669697,2347658.5
305,2008,29,0,6.480156,6.480156,254.29703,438.80475,950.73706,1953.7474,6.4435315,5.8499546,10.923002,6.7,11.323935143456907,0.054040574,3.386294,2347658.5
306,2009,29,0,6.127829,6.127829,236.7856,449.0206,868.6983,1825.111,6.6131434,5.9847593,10.864427,11.7,12.71673757533596,0.05636817,3.368381,2347658.5
307,2010,29,0,5.8933654,5.8560653,197.61423,425.96347,829.0249,1586.0239,6.5857496,5.908791,10.849822,14.0,12.83877058,0.06135814,3.1253111,2347658.5
308,2000,30,0,1.8329561,1.1664265,37.742233,97.479935,415.9144,1729.7273,7.031768,5.328883,11.0740795,2.7,5.820218671656751,6.810515,24.37765,1274359.0
309,2001,30,0,1.389302,0.8172365,36.367023,100.02975,399.54694,1639.3765,6.975903,5.3980756,11.054313,3.4,6.123471359129676,6.816488,24.223871,1274359.0
310,2002,30,0,0.9685879,0.8878722,33.335567,95.648056,390.50235,1571.3724,6.8601613,5.3163815,11.113149,4.6,6.414231138970569,6.8329034,24.208967,1274359.0
311,2003,30,0,1.3582919,0.8788947,38.35177,80.05932,366.6589,1592.717,7.0236545,5.3628483,11.095499,4.5,6.534102712428849,6.8935704,24.318457,1274359.0
312,2004,30,0,1.3471001,1.0301354,39.620594,96.59501,394.54187,1562.8739,7.1845913,5.344789,11.091042,3.9,6.742870274253746,6.9400225,24.535528,1274359.0
313,2005,30,0,1.4931402,1.3359675,28.68401,76.30732,329.43387,1453.2969,7.2090435,5.4949546,11.0610285,3.6,7.574857405110941,6.9749293,24.712414,1274359.0
314,2006,30,0,0.9886721,0.9126204,34.679577,93.92385,366.64523,1579.5938,7.048012,5.493626,11.112657,3.4,7.747538776860511,6.7999344,24.19121,1274359.0
315,2007,30,0,0.91585296,0.8395319,33.581276,83.18998,390.84024,1480.5526,7.0564423,5.5154486,11.17128,3.6,7.09824202024951,6.858212,24.416105,1274359.0
316,2008,30,0,1.0668309,0.99062866,32.309734,98.22464,330.10794,1700.5284,7.0836773,5.549193,11.112642,4.0,7.615572072806634,6.876106,24.396288,1274359.0
317,2009,30,0,0.83623546,0.83623546,34.513718,95.86299,373.6452,1729.335,7.2254295,5.54087,11.085061,6.4,8.42081496466145,6.8814573,24.293932,1274359.0
318,2010,30,0,0.9876506,0.9876506,34.263878,100.43646,413.36975,1699.7466,7.2797356,5.5661416,11.108066,6.1,7.87772886,7.3676453,28.298544,1274359.0
319,2000,31,0,3.5160165,3.5160165,164.88779,208.02895,534.38586,1892.5902,6.783078,6.141676,11.06379,3.7,7.879940565937538,0.036267284,0.5961412,8530271.0
320,2001,31,0,4.0532722,4.089462,170.2133,209.53969,564.70764,1882.2502,6.7609315,6.149027,11.06285,4.3,7.946753516062718,0.038867984,0.5984246,8530271.0
321,2002,31,0,4.037946,4.061769,166.22282,197.64496,522.8962,1763.6057,6.875048,6.139282,11.099439,5.8,8.430945819218886,0.040474754,0.60172546,8530271.0
322,2003,31,0,4.8081045,4.8081045,158.00426,194.83482,514.64484,1685.0511,6.890759,6.1581063,11.10407,5.9,8.982143220880532,0.041425493,0.60830814,8530271.0
323,2004,31,0,4.609978,4.609978,153.7757,189.85583,482.5189,1646.1503,7.240259,6.158459,11.063556,4.9,8.434825374731252,0.04364191,0.61149246,8530271.0
324,2005,31,0,4.8935466,4.8935466,155.07967,188.68906,457.43512,1604.52,7.319316,6.1715136,11.167219,4.5,8.661741748183726,0.043830685,0.6039951,8530271.0
325,2006,31,0,4.8942294,4.8942294,153.108,178.33565,451.3007,1543.5277,7.345981,6.0351343,11.206373,4.6,8.490067120863403,0.04346351,0.57762223,8530271.0
326,2007,31,0,4.3945575,4.3945575,144.74358,167.51222,429.21332,1527.5297,7.2744317,6.1751523,11.060809,4.2,8.370686110372597,0.044533823,0.5710041,8530271.0
327,2008,31,0,4.342469,4.342469,146.68538,163.44315,466.60757,1600.0729,7.281258,6.1848025,11.099408,5.5,8.54714605063966,0.0452841,0.55296034,8530271.0
328,2009,31,0,3.6876276,3.6876276,134.54639,163.15729,427.08276,1483.1777,7.34437,6.175864,11.095074,9.1,9.227831577837613,0.04785824,0.54815024,8530271.0
329,2010,31,0,4.2370443,4.2370443,134.9687,158.57509,442.34286,1470.4485,7.363129,6.1241984,11.059425,9.6,9.316792034,0.04746403,1.0401201,8530271.0
330,2000,32,0,7.572617,6.675122,140.17755,573.8361,1196.9784,3249.2136,6.9460807,5.7213497,10.701715,5.0,17.33865697670831,12.147544,39.91532,1894993.1
331,2001,32,0,5.5220175,4.90846,150.3216,593.70056,1090.5706,3146.2114,7.0890255,5.4785976,10.616266,4.9,18.220036222203753,12.205109,40.382847,1894993.1
332,2002,32,0,8.357535,7.5877624,121.29423,568.20245,1079.5516,2936.464,7.209191,5.7404623,10.668304,5.5,18.00411058778766,12.121176,40.16296,1894993.1
333,2003,32,0,6.310257,5.8750668,105.37041,519.073,1033.4133,2752.3057,7.348758,5.57923,10.636264,6.0,17.99288137750731,12.085502,40.235012,1894993.1
334,2004,32,0,9.072184,8.052235,110.69138,526.6698,1069.5514,2795.1453,7.3424907,5.664456,10.72911,5.8,16.968097584490753,12.008189,40.147636,1894993.1
335,2005,32,0,7.630352,7.1004663,100.307335,496.50275,1109.5273,2686.8906,7.447388,5.6815286,10.68047,5.3,18.293291649003816,11.994171,40.19097,1894993.1
336,2006,32,0,7.0602717,6.548658,108.20634,493.24695,1088.1005,2382.8928,7.2841225,5.489122,10.675585,4.2,17.91262555644406,11.651597,39.05205,1894993.1
337,2007,32,0,9.57358,9.110342,119.92709,508.73795,1074.8145,2365.1887,7.4303737,5.671609,10.750278,3.5,17.70906303996146,11.766135,39.66792,1894993.1
338,2008,32,0,7.6443796,7.4405293,109.671364,488.9345,1055.9436,2395.4426,7.515797,5.6828957,10.660431,4.0,16.81034702424695,11.665884,39.262398,1894993.1
339,2009,32,0,10.077054,9.568111,98.327614,484.00394,1117.3824,2350.3965,7.599327,5.819089,10.697859,6.9,18.2725486803131,11.701852,39.00512,1894993.1
340,2010,32,0,6.9683027,6.821085,79.2031,461.87088,1031.2107,2182.7961,7.6754236,5.690047,10.716593,8.5,18.26907364,12.522727,41.702885,1894993.1
341,2000,33,0,5.1750393,4.9521646,220.3686,326.64716,478.0714,1853.1261,7.6565757,6.1535053,10.851025,4.5,13.408917897133701,0.73295295,1.9836001,18912244.0
342,2001,33,0,5.2079463,5.034348,198.30882,309.01022,436.1655,1786.5209,7.6742177,6.1488023,10.8564,4.9,13.9065184499633,0.7494886,2.0134137,18912244.0
343,2002,33,0,4.8945847,4.8030467,197.36107,288.52203,412.9974,1712.4315,7.7222996,6.077865,10.836852,6.2,14.059971854791833,0.7656229,2.0296319,18912244.0
344,2003,33,0,5.0213633,4.9783535,192.41391,263.3635,405.6498,1674.2644,7.8152323,5.9515657,10.834174,6.4,14.518034892237194,0.7739673,2.0103462,18912244.0
345,2004,33,0,4.770763,4.797595,179.80785,251.74493,379.38565,1669.1552,7.8436055,6.140089,10.850075,5.8,14.712216485083424,0.80211604,2.0679352,18912244.0
346,2005,33,0,4.685002,4.6957226,188.574,247.38312,364.69043,1620.0244,7.8453145,6.105384,10.872143,5.0,13.853909953082974,0.826474,2.1039464,18912244.0
347,2006,33,0,4.7860317,4.7704926,178.75102,235.2148,355.86526,1540.4236,7.804154,6.099708,10.861822,4.5,13.833770248629676,0.8311949,2.1086717,18912244.0
348,2007,33,0,4.1699615,4.159589,161.24889,234.6537,337.86026,1510.4078,7.8408957,6.111419,10.848716,4.5,13.40588720782845,0.8478922,2.1252851,18912244.0
349,2008,33,0,4.3028727,4.3028727,163.61725,216.80096,337.3174,1533.552,7.7550645,6.032229,10.84152,5.4,13.360604761540307,0.8637502,2.1544523,18912244.0
350,2009,33,0,4.0208206,4.0208206,144.87825,224.49667,323.1535,1507.921,7.7693744,6.0687804,10.840463,8.4,13.9422029442497,0.8742427,2.1707437,18912244.0
351,2010,33,0,4.486133,4.4809527,147.49846,227.24388,336.57913,1506.1959,7.851352,6.068438,10.816292,8.4,14.05340778,0.863363,2.1881037,18912244.0
352,2000,34,0,7.1836944,7.01693,161.56898,317.04465,1255.7097,2985.941,6.8528,5.847395,10.789608,3.7,11.98617344106138,0.009172038,0.6284706,8533450.0
353,2001,34,0,6.3663354,6.252876,167.71826,309.7821,1284.4744,2990.8035,6.869812,5.85334,10.75786,5.6,12.161099800185317,0.010501302,0.632549,8533450.0
354,2002,34,0,6.795741,6.634528,151.35405,299.71945,1234.3323,2843.6333,6.9363956,5.844681,10.697723,6.6,13.12549030403997,0.011185691,0.6331448,8533450.0
355,2003,34,0,6.2112503,5.953471,150.1134,286.8591,1235.9529,2848.8403,7.0358067,5.85601,10.696344,6.5,13.726298433635614,0.01209107,0.64021295,8533450.0
356,2004,34,0,6.432868,6.1789393,142.46626,285.259,1223.6113,2746.6292,7.113396,5.8793263,10.746046,5.5,14.19546584364648,0.013264768,0.6558261,8533450.0
357,2005,34,0,6.955144,6.8005853,150.21922,298.75018,1240.013,2628.5808,7.1896114,5.8812127,10.757264,5.2,14.829222684802035,0.01415996,0.643654,8533450.0
358,2006,34,0,6.0972133,5.973011,152.611,290.00153,1217.9183,2561.9812,7.1050177,5.8473353,10.669792,4.8,14.18871213870483,0.013684857,0.62018824,8533450.0
359,2007,34,0,6.6066422,6.2684183,153.28313,293.37552,1229.6584,2643.7957,7.0794168,5.8445234,10.7311,4.7,14.170086769116224,0.012886335,0.5990511,8533450.0
360,2008,34,0,6.695108,6.4627156,158.4804,286.6613,1234.3455,2594.2158,7.079187,5.8705144,10.679895,6.4,14.407008770812519,0.01316889,0.580571,8533450.0
361,2009,34,0,5.4058805,5.295331,130.72502,257.86823,1192.0575,2387.0225,7.1387954,5.8797107,10.659562,10.8,16.30677763645841,0.013575504,0.57321125,8533450.0
362,2010,34,0,5.0422688,4.788037,101.798744,238.91455,1087.7953,2200.3677,7.097897,5.8492494,10.686316,10.2,15.8019829,0.014215808,0.51363343,8533450.0
363,2000,35,0,0.64665383,0.48499036,9.053153,47.529057,338.3616,1793.171,7.0200744,5.4809313,10.727115,2.9,10.477246677411896,15.899601,103.493706,625979.44
364,2001,35,0,1.1460512,1.3097727,9.823296,44.859715,354.45724,1896.3872,7.098627,5.498955,10.693762,2.8,11.540407306567037,16.553398,105.71568,625979.44
365,2002,35,0,0.81934303,0.81934303,9.504379,44.244526,367.55728,1884.6528,7.1276965,5.532145,10.6890545,3.5,11.245483371432785,16.98072,106.27895,625979.44
366,2003,35,0,1.47726,1.31312,8.69942,46.944042,321.55026,1695.0739,7.1444902,5.5511584,10.776996,3.6,10.679441136111457,17.430027,106.7972,625979.44
367,2004,35,0,1.3121401,1.3121401,7.052753,54.12578,334.59573,1560.7906,7.164873,5.5786886,10.720422,3.5,11.091684148199661,17.762932,106.16444,625979.44
368,2005,35,0,1.9683586,1.8043288,8.857614,75.45375,335.11307,1596.3389,7.137058,5.564411,10.760495,3.4,11.578541610281393,18.15253,105.71365,625979.44
369,2006,35,0,1.2581247,1.2581247,11.952185,123.13896,404.80164,1515.4113,7.087545,5.539745,10.700725,3.2,11.175135680889243,17.739716,100.77878,625979.44
370,2007,35,0,2.1953588,2.0385473,11.4472275,135.6418,360.9797,1488.9236,7.060342,5.5642676,10.812532,3.2,11.328364504813324,17.967129,99.744865,625979.44
371,2008,35,1,0.78294677,0.78294677,11.431024,133.41414,360.7819,1523.3013,7.1117754,5.5682454,10.8249445,3.3,11.063664535485497,18.138998,98.83169,625979.44
372,2009,35,1,1.875806,1.875806,16.725937,204.46286,379.22543,1480.9489,7.173224,5.6028943,10.837658,4.3,11.397241001993045,18.179531,97.902695,625979.44
373,2010,35,1,1.502221,1.502221,13.519989,176.6612,295.33667,1362.5145,7.126745,5.6218805,10.847004,3.8,11.91035947,17.663715,95.53991,625979.44
374,2000,36,0,3.78143,3.274827,141.2156,159.54378,801.8441,2653.1255,6.944952,5.6971245,10.904028,4.0,9.846020709752715,0.22173835,1.6225592,11286245.0
375,2001,36,0,4.081497,3.9370193,155.30458,161.68869,875.0838,2672.622,7.0553336,5.681623,10.84856,4.4,10.335921652594532,0.231336,1.6498188,11286245.0
376,2002,36,0,4.7293177,4.4505935,160.67992,152.14737,891.59326,2580.8499,7.1339273,5.7113857,10.853812,5.7,10.321331056547534,0.2367536,1.6561962,11286245.0
377,2003,36,0,4.723962,4.328801,151.73257,144.62866,853.93243,2527.077,7.1954913,5.647626,10.851122,6.2,10.74964422102321,0.23437496,1.6539434,11286245.0
378,2004,36,0,4.5365705,4.3034663,156.26065,144.41714,865.3374,2529.7925,7.2465262,5.526451,10.81372,6.2,11.77788735677527,0.23748857,1.6683013,11286245.0
379,2005,36,0,5.2888207,5.037826,167.38669,145.46947,898.0507,2501.442,7.271297,5.630436,10.807057,5.9,12.93001025672653,0.23754872,1.6508023,11286245.0
380,2006,36,0,4.6959376,4.451993,169.09732,144.7464,921.789,2463.3896,7.3198147,5.552748,10.812471,5.5,12.857529434990711,0.2365045,1.6028132,11286245.0
381,2007,36,0,4.6146855,4.3006425,159.84782,143.91014,857.59875,2310.3784,7.313334,5.5983834,10.851877,5.6,12.724188445612528,0.24319132,1.5903218,11286245.0
382,2008,36,0,4.8021684,4.104939,163.8838,143.56828,894.33636,2277.9797,7.2600265,5.614091,10.769074,6.6,12.9799216191971,0.2437253,1.5670583,11286245.0
383,2009,36,1,4.5778885,4.4562745,153.4939,138.89157,903.49445,2169.7366,7.283579,5.5562005,10.750128,10.4,14.76119667216187,0.2451559,1.5510789,11286245.0
384,2010,36,1,4.1294985,4.094797,142.9622,136.30815,924.11414,2140.5898,7.2893553,5.4922338,10.738417,10.4,14.44098691,0.21985243,1.5554676,11286245.0
385,2000,37,0,5.451911,5.4219556,78.33378,388.1641,948.42285,2879.208,5.8461146,5.738921,10.622863,3.1,13.991670558392514,0.14417608,5.6077995,3490586.0
386,2001,37,0,5.526248,5.526248,82.02744,397.56128,1032.7512,2823.9727,6.917304,5.7540765,10.6886215,3.7,14.566323939707138,0.147745,5.6762037,3490586.0
387,2002,37,0,4.8231773,4.8231773,87.76408,381.26773,1040.7114,2964.4785,7.046296,5.746876,10.696163,4.8,14.756111453862463,0.15215202,5.7282186,3490586.0
388,2003,37,0,6.064542,6.064542,94.913025,377.6208,1025.8496,3044.1646,7.010802,5.7324743,10.658693,5.6,14.828747342346931,0.1512014,5.7419734,3490586.0
389,2004,37,0,5.4510255,5.4510255,90.55736,375.18295,1032.8813,2967.9075,7.08679,5.7240314,10.730422,5.0,14.202558934084209,0.15139784,5.7219357,3490586.0
390,2005,37,0,5.446344,5.446344,94.07321,382.87506,1039.5236,2732.3171,7.1123686,5.7655697,10.646472,4.5,16.368913783502297,0.15325488,5.732641,3490586.0
391,2006,37,0,5.811335,5.811335,87.728806,364.99655,962.67,2287.0117,7.1228595,5.7280135,10.645401,4.0,16.112177764267667,0.15156968,5.5219417,3490586.0
392,2007,37,1,6.2343984,6.2343984,94.57834,362.74133,958.11237,2253.106,7.1725135,5.7524548,10.7242365,4.3,15.45781311286861,0.1576492,5.541765,3490586.0
393,2008,37,1,5.878764,5.878764,102.0742,384.97586,974.46063,2213.7708,7.210769,5.7694607,10.751371,3.9,15.369003383062504,0.16002995,5.4594865,3490586.0
394,2009,37,1,6.4818635,6.4818635,93.01751,372.09775,1054.577,2321.6428,7.272662,5.8050146,10.750107,6.4,15.947350649141997,0.163487,5.4125776,3490586.0
395,2010,37,1,5.247455,5.247455,89.79876,349.9649,1008.48016,2165.1807,7.2837844,5.7492633,10.678215,6.8,15.77866718,0.1755341,5.42969,3490586.0
396,2000,38,0,2.093359,2.0335488,86.36601,231.94418,766.1096,3416.063,7.048711,5.4397697,10.893196,5.1,10.804124993869449,2.7448123,19.38594,3581658.2
397,2001,38,0,2.4739666,2.4739666,80.9635,195.64954,784.8365,3623.5955,7.0964303,5.4343176,10.836223,6.4,11.271450984388387,2.786776,19.298178,3581658.2
398,2002,38,0,2.0904994,2.0904994,79.61319,181.35083,746.07605,3452.9534,7.213205,5.4069815,10.8329315,7.6,11.502305501526791,2.8433697,19.227892,3581658.2
399,2003,38,0,1.9527116,1.9239953,81.75544,183.00928,820.19635,3512.7847,7.169631,5.3727694,10.806916,8.1,12.154280300843945,2.9111772,19.210546,3581658.2
400,2004,38,0,2.5613594,2.5613594,78.29222,187.83302,855.8356,3354.4702,7.0523357,5.2834773,10.7646675,7.3,13.154345531381065,2.9758444,19.091377,3581658.2
401,2005,38,0,2.2471223,2.2471223,69.60461,185.94936,775.84705,3182.9363,7.091376,5.34413,10.806065,6.2,13.969179033563298,3.0210872,18.926498,3581658.2
402,2006,38,0,2.3778913,2.3238482,73.28229,174.61287,653.83905,2671.1555,7.0541,5.3076615,10.83809,5.4,13.169139943762872,2.9964943,18.291983,3581658.2
403,2007,38,0,2.005693,2.005693,77.571526,179.26558,619.5965,2570.946,7.0017385,5.6044626,10.874759,5.2,12.919020419580116,3.0680597,18.290157,3581658.2
404,2008,38,0,2.2754505,2.2754505,71.101135,158.58551,563.5889,2479.5183,7.063777,5.586361,10.8663,6.4,13.424488773194874,3.075017,17.971775,3581658.2
405,2009,38,0,2.3608906,2.3608906,67.04393,165.77208,529.56384,2282.1226,7.2026734,5.614782,10.817957,11.2,14.401781184614398,3.1320164,17.878086,3581658.2
406,2010,38,0,2.3913186,2.5752661,62.80496,156.61823,516.0255,2283.026,7.2621126,5.590638,10.830243,10.6,14.32751919,3.2745297,18.220192,3581658.2
407,2000,39,0,5.0811324,4.870122,153.23581,249.6676,456.45786,1906.429,7.2538676,5.421956,10.885566,4.2,9.587708319037374,0.038403906,0.47389576,12172547.0
408,2001,39,0,5.491896,5.1207085,147.63162,243.07758,458.45944,1884.2013,7.3556533,5.361108,10.888763,4.8,10.17343847291875,0.0398521,0.47961718,12172547.0
409,2002,39,0,5.2447896,5.017852,144.25693,235.84743,467.40826,1785.5903,7.3396983,5.467559,10.849454,5.6,10.174454815044678,0.041227072,0.48378983,12172547.0
410,2003,39,0,5.4269314,5.2591743,150.81332,226.6981,452.25546,1788.9497,7.3771114,5.4313593,10.83756,5.7,10.731467302151657,0.042274706,0.48083282,12172547.0
411,2004,39,0,5.435745,5.3939314,154.49223,236.99011,455.2896,1791.2786,7.389626,5.4198384,10.837834,5.5,11.387667867297246,0.042256642,0.48169062,12172547.0
412,2005,39,0,6.310967,6.2358365,160.3954,243.79866,468.59763,1794.0844,7.5023623,5.435243,10.853407,5.0,11.827920635751443,0.04254059,0.48086897,12172547.0
413,2006,39,0,6.0206,5.8759127,169.38062,237.53638,464.1167,1748.2006,7.4117627,5.4096346,10.867101,4.7,11.597958011903103,0.041396648,0.4658208,12172547.0
414,2007,39,0,5.926961,5.846322,156.9798,225.81319,452.0457,1704.5698,7.392479,5.4745626,10.838286,4.3,11.231970043607111,0.04164194,0.4613111,12172547.0
415,2008,39,0,5.6930017,5.6607924,151.97174,225.33658,472.56747,1764.4843,7.3473926,5.475121,10.859999,5.5,11.710029571399904,0.041888252,0.45849198,12172547.0
416,2009,39,0,5.304957,5.304957,139.84633,210.87202,437.595,1634.5338,7.402974,5.4626746,10.798902,8.2,12.122680958944429,0.041936323,0.45015433,12172547.0
417,2010,39,0,5.1883745,5.1646833,129.21184,205.95555,435.68918,1612.4473,7.4422183,5.450475,10.788494,9.0,12.35017878,0.048566975,0.48380604,12172547.0
418,2000,40,0,4.457639,4.457639,91.33207,172.56017,655.76825,2183.0544,7.28525,5.731941,10.886053,4.2,10.537660611211654,9.563122,17.548635,1042039.56
419,2001,40,0,3.823147,3.823147,96.657,180.08003,668.9527,2340.4521,7.427814,5.706945,10.938627,4.5,10.499832369704205,9.6707,17.504818,1042039.56
420,2002,40,0,3.97764,3.97764,88.866295,164.82951,622.3551,2333.3223,7.594609,5.7133455,10.847549,5.1,11.267198441541307,9.706993,17.426525,1042039.56
421,2003,40,0,2.4103448,2.4103448,80.023445,165.25323,532.5898,2151.9558,7.6309958,5.712872,10.878122,5.4,11.519809177821742,9.795641,17.276484,1042039.56
422,2004,40,0,2.5072277,2.5072277,70.49167,153.9052,526.99994,2085.1455,7.67811,5.6983013,10.921088,5.2,11.81482774382306,9.983105,17.766022,1042039.56
423,2005,40,0,3.2924616,3.2924616,75.14559,152.71211,515.0766,1894.8116,7.726525,5.7380543,10.919913,5.1,11.860705632627134,10.197625,17.975,1042039.56
424,2006,40,0,2.5290134,2.5290134,69.3137,131.5087,510.76703,1765.8134,7.6608357,5.71006,10.970093,5.2,11.01385337342288,10.034751,17.553507,1042039.56
425,2007,40,0,1.7889677,1.7889677,71.464554,130.50049,489.42392,1801.8671,7.6300073,5.7205286,10.950894,5.0,11.409094546943924,10.167928,17.96133,1042039.56
426,2008,40,0,2.9403229,2.9403229,83.46723,138.76427,546.9,1984.8127,7.6699886,5.727861,10.895164,7.7,11.58800196527384,10.25006,18.265097,1042039.56
427,2009,40,0,3.0263453,3.0263453,74.240036,148.0072,544.08014,1835.0055,7.6456523,5.7097096,10.868301,11.6,11.573784662292967,10.247868,18.298134,1042039.56
428,2010,40,0,2.7518253,2.7518253,74.01461,151.44528,580.8249,1745.0367,7.701007,5.7045608,10.857344,12.0,12.24268062,10.1623955,19.29447,1042039.56
429,2000,41,0,7.5058517,7.4026785,160.43436,646.22546,1039.9603,3234.0935,7.0296035,5.7585754,10.769916,3.6,13.024613261627943,0.017694207,1.3032326,4183317.2
430,2001,41,0,8.40126,8.40126,152.41924,637.17194,1084.8064,3226.644,7.0999436,5.748106,10.746627,5.2,14.021831057270628,0.017642647,1.3054031,4183317.2
431,2002,41,0,7.5027084,7.7041235,145.37128,647.80096,1101.3623,3101.6902,7.1964073,5.7214427,10.732629,5.9,14.291904199980914,0.017422397,1.3102297,4183317.2
432,2003,41,0,7.5588374,7.5338907,144.71556,633.6202,1097.4783,3188.4075,7.2526245,5.7161245,10.728014,6.7,14.138992299715133,0.018460527,1.3180068,4183317.2
433,2004,41,0,7.044616,7.0199847,134.68518,631.4045,1077.3583,3226.508,7.2467628,5.8845005,10.706856,6.8,15.322852783781027,0.019655956,1.3142396,4183317.2
434,2005,41,0,7.632547,7.681162,137.50739,601.78015,1038.9258,3074.6282,7.255355,5.909708,10.712883,6.7,15.592879951948985,0.02088012,1.2890983,4183317.2
435,2006,41,0,8.400349,8.377208,136.71973,583.8127,993.55536,2896.9634,7.0965657,5.8041205,10.665251,6.5,15.213309855553337,0.01999422,1.2256179,4183317.2
436,2007,41,1,8.404655,8.404655,146.38878,602.54913,1044.7633,2920.0637,7.1795077,5.8473706,10.747057,5.9,14.917363071652229,0.021796688,1.1978481,4183317.2
437,2008,41,1,6.9722414,6.9722414,149.801,548.83124,1044.0194,2869.7473,7.138828,5.8517423,10.661674,7.0,15.446444894876993,0.020848593,1.1719043,4183317.2
438,2009,41,1,6.9053473,6.8827066,130.2507,522.4971,1028.8514,2699.8774,7.2582636,5.675493,10.640149,11.8,17.05475849736929,0.023591382,1.1595097,4183317.2
439,2010,41,1,6.1067944,5.8450747,108.65732,456.26477,1006.66144,2640.1853,7.190487,5.7235656,10.638473,11.3,16.53789691,0.024797946,1.0473152,4183317.2
440,2000,42,0,0.9636219,0.9636219,18.033495,112.33078,398.66415,1728.7377,6.722778,5.5197716,10.740324,2.7,11.602282957933774,10.4412565,40.57963,761746.56
441,2001,42,0,0.96158075,1.3736868,14.148973,97.53176,424.0571,1726.8616,6.8420415,5.6103005,10.796633,3.1,11.855740911688425,10.709949,41.019386,761746.56
442,2002,42,0,1.5028082,1.2295704,15.984414,117.6289,414.50183,1658.4171,6.889177,5.618311,10.734242,3.3,12.615528380532895,10.864894,40.84209,761746.56
443,2003,42,0,1.3598984,1.3598984,14.142944,116.81528,391.37878,1573.6746,6.909574,5.62602,10.75477,3.6,12.590892215805013,11.001715,40.511105,761746.56
444,2004,42,0,2.292712,2.1578465,15.104925,115.17506,424.5563,1468.6842,6.9920874,5.7080708,10.76741,3.7,13.170011328693965,11.183848,40.61337,761746.56
445,2005,42,0,2.412762,2.1446772,19.436138,113.53385,335.77603,1387.3381,7.0033107,5.7183757,10.782969,3.7,13.505568788512038,11.35553,40.637882,761746.56
446,2006,42,0,3.7088242,3.0693717,19.055683,174.18684,385.97348,1319.574,6.9422784,5.578723,10.802103,3.2,13.120156947202972,11.006639,38.545937,761746.56
447,2007,42,1,3.9328074,3.4253483,15.22377,161.6257,336.1916,1356.438,6.92038,5.640629,10.795711,3.0,12.866623278921042,11.081002,38.769234,761746.56
448,2008,42,1,4.6496606,4.021328,16.839312,186.99176,325.6019,1287.3276,6.9402833,5.654732,10.8638525,3.0,12.346482657394155,11.041813,38.121563,761746.56
449,2009,42,1,3.7664168,3.2642279,14.689026,141.74283,329.0593,1367.3348,7.039887,5.6811223,10.748969,4.8,13.918542446890383,11.127502,38.23855,761746.56
450,2010,42,1,2.848075,2.848075,19.06972,200.47972,393.90115,1375.2488,7.0988317,5.698946,10.729175,4.6,13.33344891,11.0907755,38.86892,761746.56
451,2000,43,0,7.3989363,7.579398,170.80716,508.39716,1016.7943,2781.1157,7.082404,5.965257,10.672878,4.0,12.80476173890886,3.5567951,13.015974,5885931.5
452,2001,43,0,7.564352,7.4928217,182.74258,535.3701,1067.6824,2950.902,7.206454,6.019063,10.693489,4.7,13.387830048503055,3.6594474,13.172273,5885931.5
453,2002,43,0,7.440587,7.5291653,166.75772,521.532,1085.0502,2863.0315,7.30039,6.0509195,10.711725,5.3,13.812032350254647,3.7444754,13.305665,5885931.5
454,2003,43,0,6.960482,6.9780593,165.45207,500.43405,1113.0269,2931.2947,7.3716507,6.0365276,10.702863,5.7,13.76071514384733,3.7857113,13.277453,5885931.5
455,2004,43,0,6.2104464,6.1930504,154.1826,515.11914,1050.4874,2954.3633,7.425487,6.0421505,10.690717,5.5,15.252352010888634,3.8350463,13.286163,5885931.5
456,2005,43,0,7.417491,7.417491,172.25446,558.80725,1058.55,2914.6265,7.4870872,6.031345,10.692172,5.5,15.560261522495994,3.8876603,13.213633,5885931.5
457,2006,43,0,6.955021,6.9384613,184.4902,534.5761,1043.4187,2719.413,7.2816153,5.990047,10.692059,5.2,15.683654525574026,3.9270697,12.754796,5885931.5
458,2007,43,0,6.668153,6.668153,181.60426,540.28503,1016.2759,2774.7253,7.2420015,6.007933,10.676347,4.7,15.563353544147946,3.9271634,12.682136,5885931.5
459,2008,43,1,6.7056155,6.7056155,175.92476,515.3233,1062.2379,2719.355,7.264145,6.0112295,10.601722,6.4,15.28385587223133,3.9187813,12.503093,5885931.5
460,2009,43,1,7.5986943,7.5986943,156.73119,483.7348,1036.4099,2570.3882,7.2751207,6.0222883,10.625854,10.3,17.139845035349353,3.9483984,12.454503,5885931.5
461,2010,43,1,5.663577,5.695306,132.72124,445.15396,1019.04724,2428.2307,7.373101,6.009437,10.563233,10.0,16.49033694,3.8922892,19.902332,5885931.5
462,2000,44,0,6.101314,6.0914574,149.1175,366.18726,931.3375,3141.9402,6.6073613,5.8926325,10.797185,4.4,14.987720243021549,0.008959765,0.91391575,22486206.0
463,2001,44,0,6.4148126,6.3714695,170.23334,372.29993,984.19214,3224.864,6.6668663,5.8941917,10.826178,5.0,15.321404510720996,0.009121363,0.9153292,22486206.0
464,2002,44,0,6.1370244,6.1275973,177.13469,370.61594,1002.10724,3247.5889,6.7713237,5.900252,10.792592,6.4,15.749088849875474,0.009097125,0.9090432,22486206.0
465,2003,44,0,6.599275,6.5899935,171.79,351.69217,1020.41406,3242.2954,6.925006,5.867548,10.748389,6.7,16.536066454236835,0.009193505,0.89838785,22486206.0
466,2004,44,0,6.224853,6.211162,163.45715,346.77087,1004.54706,3178.6318,6.888103,5.8928156,10.7744465,6.0,16.475442589787114,0.00947419,0.8831898,22486206.0
467,2005,44,0,6.3178697,6.3043985,160.70828,338.49323,987.09644,3040.1301,6.8968077,5.8929086,10.742076,5.4,17.45219220423378,0.009654172,0.8759926,22486206.0
468,2006,44,0,5.89592,5.891666,158.51772,317.0184,917.4791,2760.7026,6.8632545,5.8479753,10.754322,4.9,16.431753687704195,0.009664884,0.8304186,22486206.0
469,2007,44,0,6.0721803,6.067904,165.79617,313.9702,976.428,2834.8145,6.8335314,5.888664,10.787813,4.3,16.194209705738725,0.010686182,0.82918614,22486206.0
470,2008,44,1,5.745201,5.7410073,158.26141,320.48157,964.74927,2744.6208,6.8864403,5.904953,10.759562,4.8,15.750841787270806,0.010928462,0.8065759,22486206.0
471,2009,44,1,5.583768,5.583768,159.62859,310.76398,1007.8407,2848.3723,7.0337563,5.933016,10.784338,7.5,17.393969917010097,0.011818276,0.80096,22486206.0
472,2010,44,1,5.0384617,5.0344276,132.48856,288.49933,922.15955,2640.759,7.0652328,5.893422,10.767727,8.2,16.62237338,0.013433209,0.7529011,22486206.0
473,2000,45,0,1.9610624,2.3715174,56.64278,162.49454,654.3564,3349.221,6.740052,5.7362285,11.005494,3.3,9.049801408225242,0.019473806,1.8613219,2449745.5
474,2001,45,0,3.0054345,3.7680073,53.694103,141.4797,619.2092,3170.3296,6.6748347,5.725541,10.973409,4.4,9.62972598960658,0.020634325,1.8836448,2449745.5
475,2002,45,0,2.0651524,2.1530313,50.09093,147.54855,664.53973,3286.4485,6.7355604,5.710267,10.968302,5.8,9.87384554680624,0.019904554,1.8940085,2449745.5
476,2003,45,0,2.597903,2.4680078,54.469368,158.1257,734.3839,3261.2776,6.8049126,5.720859,10.975328,5.6,10.191790193348934,0.020783225,1.9057784,2449745.5
477,2004,45,0,1.9578867,2.1707006,52.607563,144.62823,648.01794,3187.4822,6.8867226,5.705708,10.9805355,5.0,10.687167159259612,0.021536754,1.9057473,2449745.5
478,2005,45,0,2.3070426,2.2658455,45.110924,145.87926,616.7631,2969.576,6.821666,5.7039127,11.022197,4.1,10.495437411168558,0.02171092,1.874637,2449745.5
479,2006,45,0,2.0391653,1.9999506,48.665462,139.36911,577.16223,2604.328,6.821353,5.6842217,10.9865465,2.9,10.572719183800556,0.02294061,1.796387,2449745.5
480,2007,45,0,2.2898161,2.251006,55.343693,150.31285,604.0458,2656.0703,6.7600207,5.7162685,10.938254,2.7,9.872794887577786,0.023829613,1.7639347,2449745.5
481,2008,45,0,1.5017834,1.5017834,53.388397,140.86728,553.9328,2639.6846,6.730802,5.669214,11.056083,3.4,9.820011263375259,0.023765722,1.6913835,2449745.5
482,2009,45,0,1.4706903,1.4706903,49.17385,140.05496,575.3793,2622.9573,6.8481274,5.687888,10.993009,6.0,12.121542369455497,0.025190284,1.6841289,2449745.5
483,2010,45,0,1.9478319,1.9478319,46.60096,132.67308,551.89795,2459.1929,6.8928766,5.5482316,10.9470625,7.3,11.26795037,0.030724293,1.58616,2449745.5
484,2000,46,0,1.5304378,1.7004865,19.895693,72.270676,595.34033,2241.9214,7.3316417,5.3528075,10.822375,2.7,9.052709980325371,18.556728,55.125862,608010.25
485,2001,46,0,1.1817917,1.1817917,18.06453,71.41398,531.8062,2097.8489,7.3699756,5.342374,10.824547,3.3,9.093717764522953,18.990885,56.14827,608010.25
486,2002,46,0,2.181845,2.181845,12.923236,74.18273,585.57367,1793.141,7.351481,5.417883,10.86117,4.0,9.565376468969129,19.510225,56.600586,608010.25
487,2003,46,0,2.5068855,2.5068855,10.3617935,84.23135,504.21826,1693.3176,7.500997,5.397892,10.845154,4.5,9.371741048747225,19.92573,57.310246,608010.25
488,2004,46,0,2.6638608,2.6638608,12.986321,76.4195,571.8976,1754.3187,7.5763326,5.4578233,10.908357,3.7,8.874818524487539,20.419825,58.15341,608010.25
489,2005,46,0,1.3282638,1.3282638,12.618506,90.48797,528.815,1808.7632,7.6407247,5.5581536,10.944277,3.5,10.41823706188049,20.905212,59.26879,608010.25
490,2006,46,0,2.2439206,2.2439206,18.111645,96.648865,549.6003,1719.6445,7.5712957,5.5260854,10.936886,3.6,9.888316867230424,20.709143,58.206337,608010.25
491,2007,46,0,2.0947843,2.0947843,13.052116,92.00937,510.16052,1727.3912,7.6197567,5.474974,10.816433,3.9,9.766367112533416,20.999567,58.702137,608010.25
492,2008,46,0,2.7386756,2.7386756,14.982166,98.43122,566.2615,1901.2853,7.623319,5.3436112,10.846362,5.0,10.069465700504884,21.12695,58.67806,608010.25
493,2009,46,0,1.2894615,1.2894615,17.89128,94.45306,559.46515,1787.5161,7.708267,5.432491,10.881475,7.0,11.143687924514921,21.22776,58.58862,608010.25
494,2010,46,0,1.120043,1.120043,11.840455,96.3237,538.5807,1675.9043,7.717691,5.4912877,10.932071,6.1,11.26123243,20.337421,59.14963,608010.25
495,2000,47,0,5.8564796,5.7688513,91.9365,169.86711,444.47903,2134.5918,6.611885,5.6975145,10.997322,2.3,9.068605078604616,0.24762246,4.485041,7382067.5
496,2001,47,0,5.2326846,5.3045626,98.61598,171.71544,454.32355,2257.8171,6.6580224,5.713566,11.032855,3.2,8.91632246909122,0.25670344,4.5529966,7382067.5
497,2002,47,0,5.493224,5.436593,98.55241,170.85626,449.60907,2230.5322,6.5802,5.720177,11.004613,4.2,9.798991880080083,0.26312262,4.5646286,7382067.5
498,2003,47,0,5.8165874,5.7746406,93.86238,161.55013,406.9514,2144.4053,6.765573,5.719969,11.081296,4.1,10.127601384795216,0.26047406,4.5492983,7382067.5
499,2004,47,0,5.3990307,5.385187,95.50747,159.24371,398.13007,2134.057,6.8000646,5.723632,10.985835,3.7,9.760298270136758,0.26070395,4.5055327,7382067.5
500,2005,47,0,6.2460723,6.2460723,102.21465,159.80672,406.79932,2108.172,6.833684,5.718143,10.967854,3.5,9.939955879272423,0.26712188,4.4851165,7382067.5
501,2006,47,0,5.2728786,5.2597947,101.466934,152.28545,419.16113,1867.9205,6.8479185,5.7013087,11.03114,3.0,9.33130739652728,0.2662869,4.3455195,7382067.5
502,2007,47,0,5.4343243,5.4343243,100.62012,145.3911,417.95847,1902.4194,6.868571,5.720923,11.038287,3.0,9.678793459535367,0.265745,4.3319683,7382067.5
503,2008,47,0,4.8059826,4.8059826,97.02889,135.13904,418.04254,1963.5815,6.874715,5.731612,11.047216,4.2,9.960749411137254,0.27711034,4.3216696,7382067.5
504,2009,47,0,4.791672,4.791672,82.13185,128.35207,413.8451,1947.4133,6.9453554,5.713654,11.026793,6.8,10.432312448117196,0.28362814,4.2927556,7382067.5
505,2010,47,0,4.6543765,4.7300577,71.35449,120.19392,386.33847,1829.1952,7.0037937,5.687075,11.008132,7.0,10.401901,0.2674816,4.293757,7382067.5
506,2000,48,0,3.404114,3.3520103,100.9424,226.52989,928.76733,3311.1956,7.0167456,5.469829,10.89379,5.0,9.85760208998706,0.37327152,0.23132344,6189167.5
507,2001,48,0,3.0601895,3.0089014,101.447845,214.46971,906.49994,3335.9998,7.0558414,5.477904,10.865287,6.2,10.02606973710237,0.37267637,0.21412778,6189167.5
508,2002,48,0,3.1027062,3.035256,97.752106,206.54918,926.5625,3263.3386,7.140472,5.4459147,10.910715,7.3,10.505678711068416,0.3683283,0.19724105,6189167.5
509,2003,48,0,3.0383873,3.0049982,95.45878,208.83069,972.80145,3216.233,7.1201134,5.4598308,10.938805,7.4,11.205655406826688,0.36519077,0.18971556,6189167.5
510,2004,48,0,3.1337373,3.117244,96.750015,204.79799,1000.0251,3248.729,7.1089363,5.442586,10.961695,6.2,11.797218164857014,0.36021486,0.19051474,6189167.5
511,2005,48,0,3.3353193,3.3353193,94.16989,210.54814,981.7716,3221.9348,7.106905,5.4386044,10.943128,5.5,11.910327743121188,0.36263868,0.20114416,6189167.5
512,2006,48,0,3.0801473,3.064512,100.22205,199.66234,913.8187,2850.8875,7.0297227,5.418145,10.988288,5.0,11.521736615196415,0.3533101,0.19908383,6189167.5
513,2007,48,0,2.7309582,2.7309582,95.26964,200.94516,825.40857,2670.312,7.0496497,5.436905,11.019858,4.5,11.341151616837141,0.36072192,0.20300123,6189167.5
514,2008,48,0,2.9908185,2.9908185,99.13091,194.04678,817.53174,2578.3645,7.0857024,5.447328,10.956876,5.6,11.26835033735038,0.35751903,0.2045224,6189167.5
515,2009,48,0,2.9385586,2.8921604,103.792984,199.94571,820.4301,2604.8157,7.1602607,5.437458,11.024986,9.0,12.42339061718237,0.36063847,0.20591563,6189167.5
516,2010,48,0,2.28295,2.3129888,89.05007,187.11179,828.53064,2528.6675,7.157466,5.3872776,10.937614,9.2,12.23329286,0.3399643,0.28838766,6189167.5
517,2000,49,0,2.6059415,3.3424032,42.431526,260.4242,560.2774,1594.0997,7.141766,5.4351306,10.525085,5.5,15.521553684942813,0.31860468,6.5920687,1789705.4
518,2001,49,0,2.2743464,2.2743464,40.199074,225.61517,545.9,1607.2806,7.2059174,5.427613,10.506245,5.2,16.81611965791555,0.32443553,6.6120367,1789705.4
519,2002,49,0,3.2421439,4.3228583,37.369972,180.82062,550.425,1565.5573,7.2947717,5.41693,10.479595,5.9,16.315263785367804,0.32700148,6.600493,1789705.4
520,2003,49,0,4.133177,3.6802258,39.68982,200.54399,594.38477,1608.4851,7.3110504,5.442439,10.567206,6.0,16.43198150148681,0.32674742,6.5744686,1789705.4
521,2004,49,0,3.8409333,3.7279649,43.71886,221.53148,620.9885,1782.9839,7.310572,5.4415293,10.558985,5.3,16.3146470041002,0.32421997,6.499424,1789705.4
522,2005,49,0,4.6281924,4.402427,46.05616,210.80852,639.7065,1840.1581,7.3071294,5.4432135,10.614058,5.0,17.945929166078738,0.3253845,6.446564,1789705.4
523,2006,49,0,4.5092854,4.1243463,47.12753,208.74692,638.5038,1783.2573,7.25406,5.4441624,10.634557,5.0,17.09360066429471,0.3262083,6.207581,1789705.4
524,2007,49,0,3.6488543,3.3724258,47.213963,206.98955,604.1065,1749.4044,7.2551107,5.4504514,10.697859,4.6,16.70561542072118,0.33309615,6.21527,1789705.4
525,2008,49,0,3.7009254,3.5352123,49.658688,202.6671,602.8642,1780.9185,7.2690353,4.0156374,10.557764,4.7,17.01674475435245,0.34214228,6.1487284,1789705.4
526,2009,49,1,4.6372895,4.250849,50.458126,225.57101,662.746,1736.3889,7.381039,5.5062175,10.625174,8.0,17.453598122560248,0.35502866,6.1336985,1789705.4
527,2010,49,1,3.3561552,3.0854976,44.82091,248.24722,582.2388,1536.4154,7.406719,5.4764247,10.665204,9.1,17.06745655,0.34184065,6.0094666,1789705.4
528,2000,50,0,3.245184,3.1491725,87.12071,131.13232,483.57083,2296.6877,6.7609277,5.7784295,10.952332,3.4,8.26959299055613,0.5037524,6.2465568,5434086.5
529,2001,50,0,3.659992,3.6790545,84.71357,127.87097,513.2948,2388.0496,6.9910383,5.7564607,10.930335,4.4,8.19062382468028,0.52343607,6.314573,5434086.5
530,2002,50,0,2.9135742,2.894655,89.166725,116.05107,528.34076,2333.9812,7.1425495,5.7032266,10.926532,5.3,8.624293458231074,0.5456519,6.3813143,5434086.5
531,2003,50,0,3.4422987,3.4234884,82.70922,118.9192,499.34024,2234.2024,7.1593647,5.7905912,10.912375,5.6,9.081969032478934,0.56532705,6.421956,5434086.5
532,2004,50,0,2.8781383,2.8594491,76.00902,115.704895,445.8124,2083.5105,7.1505146,5.8170395,10.874039,5.0,11.033455367643857,0.5805429,6.423351,5434086.5
533,2005,50,0,3.8320227,3.8506248,84.732346,138.97594,454.78296,2056.1035,7.141551,5.8136992,10.817115,4.8,10.187376610263385,0.59323806,6.4266186,5434086.5
534,2006,50,0,2.969492,2.969492,100.15286,160.64052,485.84488,2081.7578,7.0806303,5.7867203,10.931302,4.7,10.606971359339843,0.5878694,6.2121773,5434086.5
535,2007,50,0,3.3024666,3.3024666,98.35607,169.26936,500.41342,2116.3247,7.0956383,5.8177223,10.895275,4.9,10.57449817314366,0.5950183,6.148852,5434086.5
536,2008,50,0,2.6078632,2.6078632,92.22191,161.86615,490.40332,2079.1814,7.073497,5.8084188,10.856071,5.0,10.245223100024239,0.59568244,6.0502605,5434086.5
537,2009,50,0,2.6074128,2.6074128,87.5805,151.47998,478.85318,1999.2606,7.247262,5.835123,10.860594,8.5,12.197209711005783,0.60152656,5.9851913,5434086.5
538,2010,50,0,2.735085,2.735085,79.47627,146.38881,468.7759,1904.1132,7.2924576,5.836951,10.830164,8.1,11.80243864,0.5949604,5.7563305,5434086.5
539,2000,51,0,2.5015688,2.5015688,14.592484,223.8904,433.18832,2567.8604,6.6286535,5.931988,10.823272,3.8,10.497624552062856,0.10881824,7.0644298,504780.2
540,2001,51,0,1.8737041,1.8737041,17.487904,213.60226,516.51776,2694.5945,6.7383103,6.0345907,10.797839,3.9,10.659502177660451,0.11575327,7.161713,504780.2
541,2002,51,0,3.0938487,3.0938487,19.181862,228.5323,504.91614,2743.8313,6.8411293,6.016753,10.7829275,4.2,10.734624087056782,0.11942256,7.228056,504780.2
542,2003,51,0,2.872732,2.872732,17.236391,221.61075,535.76447,2716.5784,6.987734,6.0678015,10.828698,4.5,10.932591347742134,0.121065125,7.307409,504780.2
543,2004,51,0,2.2333484,2.2333484,13.603122,197.54982,555.9007,2710.879,7.068328,5.989363,10.866681,3.9,10.415727645198098,0.13115846,7.3393917,504780.2
544,2005,51,0,2.826992,2.826992,15.750384,193.44704,489.87735,2605.8809,7.1057153,5.8912435,10.818638,3.7,10.555786650943205,0.12357994,7.3138323,504780.2
545,2006,51,0,2.5242522,2.5242522,13.9804735,207.37703,450.87027,2381.9233,7.099053,5.890402,10.8370285,3.2,10.04419383150422,0.12873687,7.0681005,504780.2
546,2007,51,0,4.0852532,4.0852532,16.341013,206.79164,459.49374,2314.3933,7.129609,6.008737,10.844607,3.0,9.366707908272444,0.138315,7.0758533,504780.2
547,2008,51,0,2.295188,2.295188,16.448847,197.00363,420.78445,2216.3865,7.147602,5.9612064,10.896961,3.2,9.460955984033143,0.13618115,6.9628353,504780.2
548,2009,51,0,2.099441,2.099441,14.886945,178.45248,415.3076,2158.607,7.2202888,5.9800453,10.884367,5.9,10.30138429503635,0.14753345,6.941324,504780.2
549,2010,51,0,1.4368151,1.4368151,13.649744,153.73923,385.96448,1999.6875,7.184053,5.864707,10.865879,6.9,10.08913642,0.12643974,6.413045,504780.2
